group_type,context,layer,previous_rank_bucket,new_entry_count,fraction
overall,,,rank_le_2048_audit,0,0.0
overall,,,rank_2049_2304,1707644,0.17234989842054008
overall,,,rank_2305_4096,5715195,0.5768258944508214
overall,,,rank_4097_8192,2096090,0.21155515937766292
overall,,,rank_8193_16384,338821,0.034196685569560056
overall,,,rank_16385_plus,32147,0.0032445475664278395
overall,,,new_token_no_previous_rank,18110,0.001827814614987656
context,8192.0,,rank_le_2048_audit,0,0.0
context,8192.0,,rank_2049_2304,598802,0.24071938998662137
context,8192.0,,rank_2305_4096,1638198,0.65855829345477
context,8192.0,,rank_4097_8192,244268,0.09819613821138211
context,8192.0,,rank_8193_16384,188,7.557630956056396e-05
context,8192.0,,rank_16385_plus,0,0.0
context,8192.0,,new_token_no_previous_rank,6096,0.0024506020376659464
context_layer,8192.0,2.0,rank_le_2048_audit,0,0.0
context_layer,8192.0,2.0,rank_2049_2304,73088,0.23040815104142037
context_layer,8192.0,2.0,rank_2305_4096,212596,0.6702037445107515
context_layer,8192.0,2.0,rank_4097_8192,30765,0.09698591789061539
context_layer,8192.0,2.0,rank_8193_16384,0,0.0
context_layer,8192.0,2.0,rank_16385_plus,0,0.0
context_layer,8192.0,2.0,new_token_no_previous_rank,762,0.002402186557212707
context_layer,8192.0,5.0,rank_le_2048_audit,0,0.0
context_layer,8192.0,5.0,rank_2049_2304,74783,0.26501784315740606
context_layer,8192.0,5.0,rank_2305_4096,183226,0.649320825994663
context_layer,8192.0,5.0,rank_4097_8192,23357,0.08277311371070341
context_layer,8192.0,5.0,rank_8193_16384,53,0.00018782270953749544
context_layer,8192.0,5.0,rank_16385_plus,0,0.0
context_layer,8192.0,5.0,new_token_no_previous_rank,762,0.002700394427690029
context_layer,8192.0,8.0,rank_le_2048_audit,0,0.0
context_layer,8192.0,8.0,rank_2049_2304,74172,0.24161441112757953
context_layer,8192.0,8.0,rank_2305_4096,198147,0.6454615046337769
context_layer,8192.0,8.0,rank_4097_8192,33774,0.11001840480805251
context_layer,8192.0,8.0,rank_8193_16384,130,0.00042347345961529065
context_layer,8192.0,8.0,rank_16385_plus,0,0.0
context_layer,8192.0,8.0,new_token_no_previous_rank,762,0.0024822059709757806
context_layer,8192.0,11.0,rank_le_2048_audit,0,0.0
context_layer,8192.0,11.0,rank_2049_2304,74314,0.27848708445600323
context_layer,8192.0,11.0,rank_2305_4096,173705,0.6509486638510918
context_layer,8192.0,11.0,rank_4097_8192,18068,0.06770870417352136
context_layer,8192.0,11.0,rank_8193_16384,0,0.0
context_layer,8192.0,11.0,rank_16385_plus,0,0.0
context_layer,8192.0,11.0,new_token_no_previous_rank,762,0.0028555475193836216
context_layer,8192.0,14.0,rank_le_2048_audit,0,0.0
context_layer,8192.0,14.0,rank_2049_2304,75313,0.2576521099536443
context_layer,8192.0,14.0,rank_2305_4096,195569,0.6690580044816202
context_layer,8192.0,14.0,rank_4097_8192,20661,0.07068301944886335
context_layer,8192.0,14.0,rank_8193_16384,0,0.0
context_layer,8192.0,14.0,rank_16385_plus,0,0.0
context_layer,8192.0,14.0,new_token_no_previous_rank,762,0.00260686611587212
context_layer,8192.0,17.0,rank_le_2048_audit,0,0.0
context_layer,8192.0,17.0,rank_2049_2304,75587,0.21030505041511785
context_layer,8192.0,17.0,rank_2305_4096,235731,0.6558723039597569
context_layer,8192.0,17.0,rank_4097_8192,47331,0.131688628219111
context_layer,8192.0,17.0,rank_8193_16384,5,1.3911456362543681e-05
context_layer,8192.0,17.0,rank_16385_plus,0,0.0
context_layer,8192.0,17.0,new_token_no_previous_rank,762,0.002120105949651657
context_layer,8192.0,21.0,rank_le_2048_audit,0,0.0
context_layer,8192.0,21.0,rank_2049_2304,75416,0.2183047628972217
context_layer,8192.0,21.0,rank_2305_4096,227341,0.6580781677869056
context_layer,8192.0,21.0,rank_4097_8192,41943,0.1214113274397763
context_layer,8192.0,21.0,rank_8193_16384,0,0.0
context_layer,8192.0,21.0,rank_16385_plus,0,0.0
context_layer,8192.0,21.0,new_token_no_previous_rank,762,0.002205741876096358
context_layer,8192.0,25.0,rank_le_2048_audit,0,0.0
context_layer,8192.0,25.0,rank_2049_2304,76129,0.2400462882674377
context_layer,8192.0,25.0,rank_2305_4096,211883,0.6680992486039421
context_layer,8192.0,25.0,rank_4097_8192,28369,0.08945176150821554
context_layer,8192.0,25.0,rank_8193_16384,0,0.0
context_layer,8192.0,25.0,rank_16385_plus,0,0.0
context_layer,8192.0,25.0,new_token_no_previous_rank,762,0.0024027016204046757
context,16384.0,,rank_le_2048_audit,0,0.0
context,16384.0,,rank_2049_2304,580999,0.18547098858441657
context,16384.0,,rank_2305_4096,1918130,0.6123202747912251
context,16384.0,,rank_4097_8192,584131,0.186470809816891
context,16384.0,,rank_8193_16384,43240,0.013803406798273616
context,16384.0,,rank_16385_plus,3,9.576831728681972e-07
context,16384.0,,new_token_no_previous_rank,6057,0.0019335623260208902
context_layer,16384.0,2.0,rank_le_2048_audit,0,0.0
context_layer,16384.0,2.0,rank_2049_2304,71973,0.18858575748206452
context_layer,16384.0,2.0,rank_2305_4096,235936,0.6182064006959329
context_layer,16384.0,2.0,rank_4097_8192,69578,0.18231030850578808
context_layer,16384.0,2.0,rank_8193_16384,3397,0.008900918652363709
context_layer,16384.0,2.0,rank_16385_plus,0,0.0
context_layer,16384.0,2.0,new_token_no_previous_rank,762,0.0019966146638507936
context_layer,16384.0,5.0,rank_le_2048_audit,0,0.0
context_layer,16384.0,5.0,rank_2049_2304,73832,0.2012626620579865
context_layer,16384.0,5.0,rank_2305_4096,230959,0.6295836922506569
context_layer,16384.0,5.0,rank_4097_8192,56781,0.15478241432325457
context_layer,16384.0,5.0,rank_8193_16384,4510,0.01229405414835734
context_layer,16384.0,5.0,rank_16385_plus,0,0.0
context_layer,16384.0,5.0,new_token_no_previous_rank,762,0.0020771772197446326
context_layer,16384.0,8.0,rank_le_2048_audit,0,0.0
context_layer,16384.0,8.0,rank_2049_2304,74883,0.2165468978181345
context_layer,16384.0,8.0,rank_2305_4096,218739,0.6325501366377004
context_layer,16384.0,8.0,rank_4097_8192,47683,0.1378898512167262
context_layer,16384.0,8.0,rank_8193_16384,3738,0.010809560301325892
context_layer,16384.0,8.0,rank_16385_plus,0,0.0
context_layer,16384.0,8.0,new_token_no_previous_rank,762,0.002203554026112983
context_layer,16384.0,11.0,rank_le_2048_audit,0,0.0
context_layer,16384.0,11.0,rank_2049_2304,73120,0.21063183790105605
context_layer,16384.0,11.0,rank_2305_4096,220154,0.6341827357941615
context_layer,16384.0,11.0,rank_4097_8192,50830,0.14642254267656837
context_layer,16384.0,11.0,rank_8193_16384,2280,0.006567841772625927
context_layer,16384.0,11.0,rank_16385_plus,0,0.0
context_layer,16384.0,11.0,new_token_no_previous_rank,762,0.0021950418555881385
context_layer,16384.0,14.0,rank_le_2048_audit,0,0.0
context_layer,16384.0,14.0,rank_2049_2304,71332,0.16942582572882178
context_layer,16384.0,14.0,rank_2305_4096,255694,0.607317432343203
context_layer,16384.0,14.0,rank_4097_8192,88203,0.20949736593337165
context_layer,16384.0,14.0,rank_8193_16384,5034,0.011956619844093658
context_layer,16384.0,14.0,rank_16385_plus,0,0.0
context_layer,16384.0,14.0,new_token_no_previous_rank,759,0.0018027561505099495
context_layer,16384.0,17.0,rank_le_2048_audit,0,0.0
context_layer,16384.0,17.0,rank_2049_2304,69655,0.14711069152901768
context_layer,16384.0,17.0,rank_2305_4096,266114,0.562030214134707
context_layer,16384.0,17.0,rank_4097_8192,122715,0.25917290231833184
context_layer,16384.0,17.0,rank_8193_16384,14238,0.03007051935956003
context_layer,16384.0,17.0,rank_16385_plus,3,6.3359712093468245e-06
context_layer,16384.0,17.0,new_token_no_previous_rank,762,0.0016093366871740935
context_layer,16384.0,21.0,rank_le_2048_audit,0,0.0
context_layer,16384.0,21.0,rank_2049_2304,71040,0.167686776962896
context_layer,16384.0,21.0,rank_2305_4096,250034,0.5901941946951117
context_layer,16384.0,21.0,rank_4097_8192,92611,0.21860416809277536
context_layer,16384.0,21.0,rank_8193_16384,9215,0.02175159979888917
context_layer,16384.0,21.0,rank_16385_plus,0,0.0
context_layer,16384.0,21.0,new_token_no_previous_rank,747,0.0017632604503277493
context_layer,16384.0,25.0,rank_le_2048_audit,0,0.0
context_layer,16384.0,25.0,rank_2049_2304,75164,0.20153205545858435
context_layer,16384.0,25.0,rank_2305_4096,240500,0.6448360829358408
context_layer,16384.0,25.0,rank_4097_8192,55730,0.1494250099875859
context_layer,16384.0,25.0,rank_8193_16384,828,0.0022200593624568657
context_layer,16384.0,25.0,rank_16385_plus,0,0.0
context_layer,16384.0,25.0,new_token_no_previous_rank,741,0.00198679225553205
context,32768.0,,rank_le_2048_audit,0,0.0
context,32768.0,,rank_2049_2304,527843,0.12310072891243838
context,32768.0,,rank_2305_4096,2158867,0.5034794462084543
context,32768.0,,rank_4097_8192,1267691,0.2956441330769527
context,32768.0,,rank_8193_16384,295393,0.06888997981527066
context,32768.0,,rank_16385_plus,32144,0.007496452221894426
context,32768.0,,new_token_no_previous_rank,5957,0.0013892597649895811
context_layer,32768.0,2.0,rank_le_2048_audit,0,0.0
context_layer,32768.0,2.0,rank_2049_2304,68757,0.1442544326185336
context_layer,32768.0,2.0,rank_2305_4096,263928,0.5537295677842887
context_layer,32768.0,2.0,rank_4097_8192,125005,0.2622645745084834
context_layer,32768.0,2.0,rank_8193_16384,17587,0.03689810065101954
context_layer,32768.0,2.0,rank_16385_plus,598,0.0012546235395070042
context_layer,32768.0,2.0,new_token_no_previous_rank,762,0.001598700898167788
context_layer,32768.0,5.0,rank_le_2048_audit,0,0.0
context_layer,32768.0,5.0,rank_2049_2304,67470,0.13406402565636133
context_layer,32768.0,5.0,rank_2305_4096,265147,0.5268515519594966
context_layer,32768.0,5.0,rank_4097_8192,136749,0.2717225647618461
context_layer,32768.0,5.0,rank_8193_16384,25475,0.050619253795698906
context_layer,32768.0,5.0,rank_16385_plus,7664,0.015228497000598092
context_layer,32768.0,5.0,new_token_no_previous_rank,762,0.001514106825998923
context_layer,32768.0,8.0,rank_le_2048_audit,0,0.0
context_layer,32768.0,8.0,rank_2049_2304,66121,0.11703101133300413
context_layer,32768.0,8.0,rank_2305_4096,277486,0.49113696421333586
context_layer,32768.0,8.0,rank_4097_8192,169968,0.30083524045686005
context_layer,32768.0,8.0,rank_8193_16384,43654,0.07726549460430063
context_layer,32768.0,8.0,rank_16385_plus,7005,0.012398515364070323
context_layer,32768.0,8.0,new_token_no_previous_rank,753,0.0013327740284289726
context_layer,32768.0,11.0,rank_le_2048_audit,0,0.0
context_layer,32768.0,11.0,rank_2049_2304,69864,0.1492256133898077
context_layer,32768.0,11.0,rank_2305_4096,262695,0.5611018909514991
context_layer,32768.0,11.0,rank_4097_8192,116936,0.2497687840282628
context_layer,32768.0,11.0,rank_8193_16384,16850,0.03599066165146942
context_layer,32768.0,11.0,rank_16385_plus,1070,0.0022854604134760997
context_layer,32768.0,11.0,new_token_no_previous_rank,762,0.0016275895654848486
context_layer,32768.0,14.0,rank_le_2048_audit,0,0.0
context_layer,32768.0,14.0,rank_2049_2304,64724,0.11619502754793735
context_layer,32768.0,14.0,rank_2305_4096,273364,0.4907536232404417
context_layer,32768.0,14.0,rank_4097_8192,173148,0.3108419848876809
context_layer,32768.0,14.0,rank_8193_16384,42196,0.07575189083512708
context_layer,32768.0,14.0,rank_16385_plus,2850,0.005116430203813446
context_layer,32768.0,14.0,new_token_no_previous_rank,747,0.0013410432849995243
context_layer,32768.0,17.0,rank_le_2048_audit,0,0.0
context_layer,32768.0,17.0,rank_2049_2304,63715,0.10745606638108408
context_layer,32768.0,17.0,rank_2305_4096,275511,0.46465241002462304
context_layer,32768.0,17.0,rank_4097_8192,191440,0.32286571997166663
context_layer,32768.0,17.0,rank_8193_16384,56115,0.09463858063210442
context_layer,32768.0,17.0,rank_16385_plus,5414,0.009130772084865247
context_layer,32768.0,17.0,new_token_no_previous_rank,745,0.0012564509056565587
context_layer,32768.0,21.0,rank_le_2048_audit,0,0.0
context_layer,32768.0,21.0,rank_2049_2304,64189,0.11724874876703321
context_layer,32768.0,21.0,rank_2305_4096,268609,0.4906458919373105
context_layer,32768.0,21.0,rank_4097_8192,167943,0.30676761772549593
context_layer,32768.0,21.0,rank_8193_16384,42443,0.07752712526942608
context_layer,32768.0,21.0,rank_16385_plus,3606,0.006586782595988748
context_layer,32768.0,21.0,new_token_no_previous_rank,670,0.0012238337047455522
context_layer,32768.0,25.0,rank_le_2048_audit,0,0.0
context_layer,32768.0,25.0,rank_2049_2304,63003,0.10911537622229381
context_layer,32768.0,25.0,rank_2305_4096,272127,0.4712988268057735
context_layer,32768.0,25.0,rank_4097_8192,186502,0.32300423624605556
context_layer,32768.0,25.0,rank_8193_16384,51073,0.08845371823248435
context_layer,32768.0,25.0,rank_16385_plus,3937,0.006818520327399818
context_layer,32768.0,25.0,new_token_no_previous_rank,756,0.0013093221659929545
