context,block_size,promotion_target,topk,fused_compact_plus_topk,fused_dense_plus_topk,candidate_fraction,qk_reduction,compact_speedup_vs_dense
8192,32,0.05,512,0.0706560015678405,0.0624639987945556,0.94921875,0.04443359375,0.8840579343366984
8192,32,0.05,1024,0.0706560015678405,0.061439998447895,0.94921875,0.04443359375,0.8695651761287859
8192,32,0.05,2048,0.0706560015678405,0.0634879991412162,0.94921875,0.04443359375,0.8985506925446108
8192,32,0.1,512,0.0706560015678405,0.0624639987945556,0.94921875,0.04443359375,0.8840579343366984
8192,32,0.1,1024,0.0706560015678405,0.0604160018265247,0.94921875,0.04443359375,0.8550724706452028
8192,32,0.1,2048,0.0706560015678405,0.0634879991412162,0.94921875,0.04443359375,0.8985506925446108
8192,32,0.15,512,0.072207998484373,0.061439998447895,0.953125,0.041015625,0.8508752456445893
8192,32,0.15,1024,0.0696320012211799,0.0634879991412162,0.953125,0.041015625,0.9117646775589886
8192,32,0.15,2048,0.0696320012211799,0.061439998447895,0.953125,0.041015625,0.8823529034119854
8192,32,0.2,512,0.0686080008745193,0.0624639987945556,0.95703125,0.03759765625,0.9104477320188824
8192,32,0.2,1024,0.0701440013945102,0.0624319985508918,0.95703125,0.03759765625,0.8900547061716103
8192,32,0.2,2048,0.0686080008745193,0.0604160018265247,0.95703125,0.03759765625,0.8805970303233674
8192,64,0.05,512,0.0681600011885166,0.0602880008518695,0.953125,0.041015625,0.8845070393283186
8192,64,0.05,1024,0.0706560015678405,0.0634879991412162,0.953125,0.041015625,0.8985506925446108
8192,64,0.05,2048,0.0686080008745193,0.0624319985508918,0.953125,0.041015625,0.9099813105628436
8192,64,0.1,512,0.0674879997968673,0.0593920014798641,0.953125,0.041015625,0.8800379572461561
8192,64,0.1,1024,0.0696320012211799,0.0624639987945556,0.953125,0.041015625,0.897058790485487
8192,64,0.1,2048,0.0706240013241767,0.0624639987945556,0.953125,0.041015625,0.8844585073541041
8192,64,0.15,512,0.0665600001811981,0.0593920014798641,0.953125,0.041015625,0.8923077121120738
8192,64,0.15,1024,0.0696320012211799,0.0624639987945556,0.953125,0.041015625,0.897058790485487
8192,64,0.15,2048,0.0705120004713535,0.0624639987945556,0.953125,0.041015625,0.885863376120388
8192,64,0.2,512,0.0667040012776851,0.0593920014798641,0.953125,0.041015625,0.8903813915542856
8192,64,0.2,1024,0.0686080008745193,0.0624639987945556,0.953125,0.041015625,0.9104477320188824
8192,64,0.2,2048,0.0716800019145011,0.0624639987945556,0.953125,0.041015625,0.8714285313365613
8192,128,0.05,512,0.0706560015678405,0.0624639987945556,0.96875,0.02734375,0.8840579343366984
8192,128,0.05,1024,0.0706560015678405,0.060623999685049,0.96875,0.02734375,0.8580162808511141
8192,128,0.05,2048,0.0675840005278587,0.0623360015451908,0.96875,0.02734375,0.9223485005078289
8192,128,0.1,512,0.0696320012211799,0.062399998307228,0.96875,0.02734375,0.8961396658559319
8192,128,0.1,1024,0.0715680010616779,0.061439998447895,0.96875,0.02734375,0.8584842043435794
8192,128,0.1,2048,0.0685920007526874,0.0624639987945556,0.96875,0.02734375,0.9106601077255834
8192,128,0.15,512,0.0706560015678405,0.0623360015451908,0.96875,0.02734375,0.882246379103957
8192,128,0.15,1024,0.0706400014460086,0.0604160018265247,0.96875,0.02734375,0.8552661465147579
8192,128,0.15,2048,0.0686080008745193,0.0624479986727237,0.96875,0.02734375,0.910214521290863
8192,128,0.2,512,0.0706400014460086,0.0624639987945556,0.96875,0.02734375,0.8842581754800493
8192,128,0.2,1024,0.0706560015678405,0.0604160018265247,0.96875,0.02734375,0.8550724706452028
8192,128,0.2,2048,0.0665600001811981,0.061439998447895,0.96875,0.02734375,0.9230768972451204
16384,32,0.05,512,0.0684639997780323,0.0563200004398822,0.71875,0.24609375,0.8226221170611963
16384,32,0.05,1024,0.0655359998345375,0.0655359998345375,0.71875,0.24609375,1.0
16384,32,0.05,2048,0.0716800019145011,0.0727040022611618,0.71875,0.24609375,1.0142857187403833
16384,32,0.1,512,0.0675840005278587,0.0634559988975524,0.732421875,0.234130859375,0.9389204308998442
16384,32,0.1,1024,0.0716480016708374,0.0645119994878768,0.732421875,0.234130859375,0.9004019370178031
16384,32,0.1,2048,0.0716800019145011,0.0645119994878768,0.732421875,0.234130859375,0.899999968817325
16384,32,0.15,512,0.0685600005090236,0.0696320012211799,0.748046875,0.220458984375,1.0156359495944756
16384,32,0.15,1024,0.0737280026078224,0.0655359998345375,0.748046875,0.220458984375,0.8888888552039013
16384,32,0.15,2048,0.0757760033011436,0.0706560015678405,0.748046875,0.220458984375,0.9324324125019428
16384,32,0.2,512,0.0737280026078224,0.0675840005278587,0.76171875,0.20849609375,0.9166666414029256
16384,32,0.2,1024,0.0670560002326965,0.0706560015678405,0.76171875,0.20849609375,1.0536864907338843
16384,32,0.2,2048,0.0686080008745193,0.0686080008745193,0.76171875,0.20849609375,1.0
16384,64,0.05,512,0.0698400028049945,0.0624639987945556,0.71875,0.24609375,0.8943871174943393
16384,64,0.05,1024,0.0716800019145011,0.0665600001811981,0.71875,0.24609375,0.9285714062980904
16384,64,0.05,2048,0.0707680024206638,0.0665600001811981,0.71875,0.24609375,0.9405380667034768
16384,64,0.1,512,0.0697600021958351,0.0624639987945556,0.734375,0.232421875,0.8954127985719145
16384,64,0.1,1024,0.0675840005278587,0.0675840005278587,0.734375,0.232421875,1.0
16384,64,0.1,2048,0.0681120008230209,0.0706560015678405,0.734375,0.232421875,1.0373502571364748
16384,64,0.15,512,0.0696320012211799,0.0686080008745193,0.74609375,0.22216796875,0.9852941129264984
16384,64,0.15,1024,0.0675840005278587,0.0665600001811981,0.74609375,0.22216796875,0.984848479837495
16384,64,0.15,2048,0.0708160027861595,0.074752002954483,0.74609375,0.22216796875,1.0555806599280801
16384,64,0.2,512,0.0706560015678405,0.0645119994878768,0.76171875,0.20849609375,0.9130434507525234
16384,64,0.2,1024,0.0696320012211799,0.0655359998345375,0.76171875,0.20849609375,0.9411764517059934
16384,64,0.2,2048,0.0696320012211799,0.0645119994878768,0.76171875,0.20849609375,0.9264705646324902
16384,128,0.05,512,0.0675840005278587,0.061439998447895,0.71875,0.24609375,0.9090908790249684
16384,128,0.05,1024,0.0696320012211799,0.0593920014798641,0.71875,0.24609375,0.8529411827646695
16384,128,0.05,2048,0.0696320012211799,0.0665600001811981,0.71875,0.24609375,0.955882338779495
16384,128,0.1,512,0.0696320012211799,0.0573440007865428,0.734375,0.232421875,0.8235294086176648
16384,128,0.1,1024,0.0716800019145011,0.0593920014798641,0.734375,0.232421875,0.82857142708654
16384,128,0.1,2048,0.0727040022611618,0.0655359998345375,0.734375,0.232421875,0.9014084203937502
16384,128,0.15,512,0.0737280026078224,0.0604160018265247,0.75,0.21875,0.8194444402338207
16384,128,0.15,1024,0.0696320012211799,0.0624639987945556,0.75,0.21875,0.897058790485487
16384,128,0.15,2048,0.0675840005278587,0.0696320012211799,0.75,0.21875,1.03030304032501
16384,128,0.2,512,0.0706560015678405,0.0665600001811981,0.765625,0.205078125,0.9420289671683499
16384,128,0.2,1024,0.0696320012211799,0.0634879991412162,0.765625,0.205078125,0.9117646775589886
16384,128,0.2,2048,0.0706560015678405,0.0706560015678405,0.765625,0.205078125,1.0
32768,32,0.05,512,0.1148640029132366,0.1064959987998008,0.6142578125,0.3375244140625,0.9271485939789453
32768,32,0.05,1024,0.1147840023040771,0.1106240004301071,0.6142578125,0.3375244140625,0.9637579994557983
32768,32,0.05,2048,0.1145280003547668,0.1055679991841316,0.6142578125,0.3375244140625,0.9217658464054176
32768,32,0.1,512,0.1146880015730857,0.1054719984531402,0.634765625,0.319580078125,0.9196428310412877
32768,32,0.1,1024,0.1147200018167495,0.1057600006461143,0.634765625,0.319580078125,0.9218967832222696
32768,32,0.1,2048,0.1139520034193992,0.1054719984531402,0.634765625,0.319580078125,0.9255826601393884
32768,32,0.15,512,0.1189439967274665,0.1062079966068267,0.654296875,0.302490234375,0.892924397438725
32768,32,0.15,1024,0.1136640012264251,0.103423997759819,0.654296875,0.302490234375,0.9099098803832584
32768,32,0.15,2048,0.1126400008797645,0.1049600020051002,0.654296875,0.302490234375,0.9318181923412608
32768,32,0.2,512,0.1136640012264251,0.1054719984531402,0.6748046875,0.2845458984375,0.9279279043066065
32768,32,0.2,1024,0.1144799999892711,0.1064159981906414,0.6748046875,0.2845458984375,0.9295597327097708
32768,32,0.2,2048,0.1136640012264251,0.105359997600317,0.6748046875,0.2845458984375,0.9269425364538588
32768,64,0.05,512,0.1137280017137527,0.1054719984531402,0.61328125,0.33837890625,0.9274057124348987
32768,64,0.05,1024,0.113984003663063,0.1054719984531402,0.61328125,0.33837890625,0.9253228090225335
32768,64,0.05,2048,0.1136960014700889,0.1054719984531402,0.61328125,0.33837890625,0.927666734884144
32768,64,0.1,512,0.1187840029597282,0.1054719984531402,0.634765625,0.319580078125,0.8879309993358179
32768,64,0.1,1024,0.1239039972424507,0.1054719984531402,0.634765625,0.319580078125,0.8512396758819374
32768,64,0.1,2048,0.1187520027160644,0.1046079993247985,0.634765625,0.319580078125,0.8808946117305982
32768,64,0.15,512,0.1146880015730857,0.1057600006461143,0.654296875,0.302490234375,0.9221540108423463
32768,64,0.15,1024,0.1187840029597282,0.1054719984531402,0.654296875,0.302490234375,0.8879309993358179
32768,64,0.15,2048,0.1136640012264251,0.1053439974784851,0.654296875,0.302490234375,0.9268017696177517
32768,64,0.2,512,0.1189439967274665,0.1054719984531402,0.67578125,0.28369140625,0.8867366269422209
32768,64,0.2,1024,0.1136640012264251,0.1052959971129894,0.67578125,0.28369140625,0.926379469109431
32768,64,0.2,2048,0.1187840029597282,0.1054719984531402,0.67578125,0.28369140625,0.8879309993358179
32768,128,0.05,512,0.1138880029320716,0.1054719984531402,0.61328125,0.33837890625,0.926102800450798
32768,128,0.05,1024,0.1188480034470558,0.1054719984531402,0.61328125,0.33837890625,0.8874528422358031
32768,128,0.05,2048,0.114496000111103,0.1054719984531402,0.61328125,0.33837890625,0.9211850051599513
32768,128,0.1,512,0.1187840029597282,0.1054719984531402,0.6328125,0.3212890625,0.8879309993358179
32768,128,0.1,1024,0.1146880015730857,0.1056960001587867,0.6328125,0.3212890625,0.9215959708865553
32768,128,0.1,2048,0.1187840029597282,0.1054719984531402,0.6328125,0.3212890625,0.8879309993358179
32768,128,0.15,512,0.1136640012264251,0.1054719984531402,0.65625,0.30078125,0.9279279043066065
32768,128,0.15,1024,0.1198080033063888,0.1064959987998008,0.65625,0.30078125,0.888888854340183
32768,128,0.15,2048,0.1136960014700889,0.1054719984531402,0.65625,0.30078125,0.927666734884144
32768,128,0.2,512,0.1187840029597282,0.1033119969069957,0.67578125,0.28369140625,0.8697467195310968
32768,128,0.2,1024,0.1137920022010803,0.1054719984531402,0.67578125,0.28369140625,0.9268841079600838
32768,128,0.2,2048,0.1187840029597282,0.1054719984531402,0.67578125,0.28369140625,0.8879309993358179
