context,layer,method,scope,block_size,promotion_target,topk,warmup,measurements,kernel_launches,median_ms,p5_ms,p95_ms,mean_ms,std_ms
8192,17,full_kernel,kernel,32,0.05,512,50,500,1,0.0133119998499751,0.011455999687314,0.019463999196887,0.0137833600528538,0.0034097709393907
8192,17,full_plus_topk,indexer_topk,32,0.05,512,50,500,2,0.0440320000052452,0.0409599989652633,0.0481280013918876,0.0446264320239424,0.0039592820672385
8192,17,full_kernel,kernel,32,0.05,1024,50,500,1,0.012288000434637,0.0112640000879764,0.0153599996119737,0.0127215361353009,0.0023186006816729
8192,17,full_plus_topk,indexer_topk,32,0.05,1024,50,500,2,0.0430079996585845,0.0399359986186027,0.0460800006985664,0.0426691196709871,0.0024604890427063
8192,17,full_kernel,kernel,32,0.05,2048,50,500,1,0.0124479997903108,0.0112640000879764,0.0153599996119737,0.0130047360770404,0.0018357268873512
8192,17,full_plus_topk,indexer_topk,32,0.05,2048,50,500,2,0.0409599989652633,0.0396800003945827,0.047104001045227,0.0423764475807547,0.0031054835987235
8192,17,full_kernel,kernel,32,0.1,512,50,500,1,0.0123840002343058,0.0112640000879764,0.015299200033769,0.0130342400912195,0.0021856007755116
8192,17,full_plus_topk,indexer_topk,32,0.1,512,50,500,2,0.0430079996585845,0.0399359986186027,0.0462144015356898,0.0432310398221015,0.0025495431323993
8192,17,full_kernel,kernel,32,0.1,1024,50,500,1,0.012288000434637,0.0112640000879764,0.0151696000248193,0.0128182400967925,0.0018961702095477
8192,17,full_plus_topk,indexer_topk,32,0.1,1024,50,500,2,0.0431040003895759,0.0399359986186027,0.047104001045227,0.0434945917576551,0.0029771562302511
8192,17,full_kernel,kernel,32,0.1,2048,50,500,1,0.012288000434637,0.0112303998321294,0.0143360001966357,0.0123618561178445,0.0018834084190843
8192,17,full_plus_topk,indexer_topk,32,0.1,2048,50,500,2,0.0419839993119239,0.0396800003945827,0.0481280013918876,0.0428858235627412,0.0038150292636226
8192,17,full_kernel,kernel,32,0.15,512,50,500,1,0.012288000434637,0.0112640000879764,0.0143360001966357,0.0125951361265033,0.0021166456341172
8192,17,full_plus_topk,indexer_topk,32,0.15,512,50,500,2,0.0430079996585845,0.0399359986186027,0.0469824001193046,0.0433248636871576,0.0027109099702691
8192,17,full_kernel,kernel,32,0.15,1024,50,500,1,0.012288000434637,0.0112640000879764,0.0143360001966357,0.0125331841483712,0.0017626800482534
8192,17,full_plus_topk,indexer_topk,32,0.15,1024,50,500,2,0.0430079996585845,0.0399359986186027,0.0460800006985664,0.0425952635705471,0.0024902779946509
8192,17,full_kernel,kernel,32,0.15,2048,50,500,1,0.012288000434637,0.0112640000879764,0.0135375997051596,0.0124732801262289,0.0018295476926638
8192,17,full_plus_topk,indexer_topk,32,0.15,2048,50,500,2,0.0409599989652633,0.0389119982719421,0.0460800006985664,0.0421075194776058,0.0031192307872571
8192,17,full_kernel,kernel,32,0.2,512,50,500,1,0.012288000434637,0.0112640000879764,0.0143360001966357,0.0126174081098288,0.0017231764563832
8192,17,full_plus_topk,indexer_topk,32,0.2,512,50,500,2,0.0419839993119239,0.0389119982719421,0.0460800006985664,0.0426701436191797,0.0028873804650132
8192,17,full_kernel,kernel,32,0.2,1024,50,500,1,0.0114240003749728,0.010398400016129,0.0133119998499751,0.0120059520937502,0.0020296133210532
8192,17,full_plus_topk,indexer_topk,32,0.2,1024,50,500,2,0.0427680015563964,0.0399359986186027,0.0440320000052452,0.0422685435265302,0.0020524635217035
8192,17,full_kernel,kernel,32,0.2,2048,50,500,1,0.012288000434637,0.0112640000879764,0.0143360001966357,0.0125195521228015,0.003221020991805
8192,17,full_plus_topk,indexer_topk,32,0.2,2048,50,500,2,0.0409599989652633,0.0389119982719421,0.0461504010483622,0.0421450874432921,0.0030587052397043
8192,17,full_kernel,kernel,64,0.05,512,50,500,1,0.012288000434637,0.0112640000879764,0.0143360001966357,0.0128566401302814,0.0026329348071604
8192,17,full_plus_topk,indexer_topk,64,0.05,512,50,500,2,0.0430079996585845,0.0399359986186027,0.047104001045227,0.0436251518502831,0.0034732657037714
8192,17,full_kernel,kernel,64,0.05,1024,50,500,1,0.0121600003913044,0.0110128002241253,0.0143055999651551,0.0122420481164008,0.0022393603079842
8192,17,full_plus_topk,indexer_topk,64,0.05,1024,50,500,2,0.0419839993119239,0.0389119982719421,0.0460800006985664,0.0420117755234241,0.0028385663952263
8192,17,full_kernel,kernel,64,0.05,2048,50,500,1,0.012288000434637,0.0112640000879764,0.0143360001966357,0.0124609281532466,0.0017241951718264
8192,17,full_plus_topk,indexer_topk,64,0.05,2048,50,500,2,0.0409599989652633,0.0389119982719421,0.0460800006985664,0.0420193274468183,0.0032989520514109
8192,17,full_kernel,kernel,64,0.1,512,50,500,1,0.012288000434637,0.0111664002761244,0.0133135998621582,0.0121350401435047,0.0017063844100601
8192,17,full_plus_topk,indexer_topk,64,0.1,512,50,500,2,0.0419839993119239,0.0389119982719421,0.0460800006985664,0.0459416316673159,0.0733058383508392
8192,17,full_kernel,kernel,64,0.1,1024,50,500,1,0.012288000434637,0.0112640000879764,0.0135631997138261,0.0122105601392686,0.0016417090690056
8192,17,full_plus_topk,indexer_topk,64,0.1,1024,50,500,2,0.0419839993119239,0.0389119982719421,0.0458671990782022,0.0420387834385037,0.0026731718598901
8192,17,full_kernel,kernel,64,0.1,2048,50,500,1,0.0133119998499751,0.0112640000879764,0.0184320006519556,0.0140636160764843,0.0044624673719348
8192,17,full_plus_topk,indexer_topk,64,0.1,2048,50,500,2,0.0407840013504028,0.038816001266241,0.0460800006985664,0.0415503353700041,0.0034780819950315
8192,17,full_kernel,kernel,64,0.15,512,50,500,1,0.011392000131309,0.0104000000283122,0.0133119998499751,0.0119296001046895,0.0016765398359426
8192,17,full_plus_topk,indexer_topk,64,0.15,512,50,500,2,0.0419839993119239,0.0389119982719421,0.0460800006985664,0.0423045755475759,0.0027555562796062
8192,17,full_kernel,kernel,64,0.15,1024,50,500,1,0.012288000434637,0.0112640000879764,0.0153599996119737,0.0127774081062525,0.0019995179848275
8192,17,full_plus_topk,indexer_topk,64,0.15,1024,50,500,2,0.0419839993119239,0.0389119982719421,0.0450560003519058,0.0417903354093432,0.0025529894491889
8192,17,full_kernel,kernel,64,0.15,2048,50,500,1,0.011392000131309,0.0104623996187001,0.0133135998621582,0.011991936115548,0.0017507833008048
8192,17,full_plus_topk,indexer_topk,64,0.15,2048,50,500,2,0.0400639995932579,0.0387184005230665,0.0460800006985664,0.0414648313969373,0.0033485612022627
8192,17,full_kernel,kernel,64,0.2,512,50,500,1,0.0114240003749728,0.0110719995573163,0.0133119998499751,0.0120237441286444,0.0018633145586408
8192,17,full_plus_topk,indexer_topk,64,0.2,512,50,500,2,0.0419839993119239,0.039164800196886,0.0458239987492561,0.0424869755208492,0.0028701699457878
8192,17,full_kernel,kernel,64,0.2,1024,50,500,1,0.011392000131309,0.0104623996187001,0.0162320005707442,0.0122650881092995,0.0025588956500221
8192,17,full_plus_topk,indexer_topk,64,0.2,1024,50,500,2,0.0419839993119239,0.0389119982719421,0.0430079996585845,0.0413667833656072,0.0020826986380555
8192,17,full_kernel,kernel,64,0.2,2048,50,500,1,0.012288000434637,0.0112640000879764,0.0142448003869503,0.0123450241219252,0.0017361910796908
8192,17,full_plus_topk,indexer_topk,64,0.2,2048,50,500,2,0.0409599989652633,0.0387840010225772,0.047104001045227,0.041829119451344,0.0036295275202224
8192,17,full_kernel,kernel,128,0.05,512,50,500,1,0.0133119998499751,0.0113599998876452,0.0153599996119737,0.0133190400619059,0.0025866737328009
8192,17,full_plus_topk,indexer_topk,128,0.05,512,50,500,2,0.0430079996585845,0.0400607995688915,0.0481280013918876,0.0436505597904324,0.0029935071470328
8192,17,full_kernel,kernel,128,0.05,1024,50,500,1,0.0133119998499751,0.0114543997216969,0.0143456001766025,0.0132963200435042,0.0018761624168587
8192,17,full_plus_topk,indexer_topk,128,0.05,1024,50,500,2,0.0430079996585845,0.0389119982719421,0.0481280013918876,0.0435272317379713,0.0048338435985691
8192,17,full_kernel,kernel,128,0.05,2048,50,500,1,0.0130559997633099,0.0112640000879764,0.0143360001966357,0.013010816078633,0.0017250410859077
8192,17,full_plus_topk,indexer_topk,128,0.05,2048,50,500,2,0.0411200001835823,0.0389119982719421,0.0471120009198784,0.0422567034810781,0.0032024305624873
8192,17,full_kernel,kernel,128,0.1,512,50,500,1,0.012288000434637,0.0112640000879764,0.0153599996119737,0.0125610881019383,0.0022089302513568
8192,17,full_plus_topk,indexer_topk,128,0.1,512,50,500,2,0.0430079996585845,0.0399359986186027,0.047104001045227,0.043578751809895,0.0029497562838408
8192,17,full_kernel,kernel,128,0.1,1024,50,500,1,0.012288000434637,0.0112640000879764,0.0135056001134216,0.0124228481538593,0.0019033906181604
8192,17,full_plus_topk,indexer_topk,128,0.1,1024,50,500,2,0.0430079996585845,0.0389119982719421,0.0468831993639469,0.0430204156413674,0.0030492108321498
8192,17,full_kernel,kernel,128,0.1,2048,50,500,1,0.012288000434637,0.0109840000048279,0.0141775999218225,0.0122233601231127,0.0019926993114877
8192,17,full_plus_topk,indexer_topk,128,0.1,2048,50,500,2,0.0430079996585845,0.0389119982719421,0.0480368006974458,0.0433608317077159,0.0033116027965176
8192,17,full_kernel,kernel,128,0.15,512,50,500,1,0.0123199997469782,0.0112640000879764,0.0143360001966357,0.0128288641162216,0.0017055166333014
8192,17,full_plus_topk,indexer_topk,128,0.15,512,50,500,2,0.0430079996585845,0.0399359986186027,0.047104001045227,0.0431067517697811,0.0029803997533483
8192,17,full_kernel,kernel,128,0.15,1024,50,500,1,0.012288000434637,0.0112640000879764,0.0143360001966357,0.0127986561320722,0.0026888029978809
8192,17,full_plus_topk,indexer_topk,128,0.15,1024,50,500,2,0.0440320000052452,0.0397760011255741,0.0511999987065792,0.0448405759334564,0.0044919016647733
8192,17,full_kernel,kernel,128,0.15,2048,50,500,1,0.012288000434637,0.0112640000879764,0.0143360001966357,0.0127448960933834,0.0017364606147614
8192,17,full_plus_topk,indexer_topk,128,0.15,2048,50,500,2,0.041007999330759,0.0389119982719421,0.047104001045227,0.0422874235063791,0.0034306461354967
8192,17,full_kernel,kernel,128,0.2,512,50,500,1,0.012288000434637,0.0112640000879764,0.0143360001966357,0.0125513601377606,0.0019953187103775
8192,17,full_plus_topk,indexer_topk,128,0.2,512,50,500,2,0.0430079996585845,0.0399359986186027,0.0462128015235066,0.0432341757714748,0.0031378015349511
8192,17,full_kernel,kernel,128,0.2,1024,50,500,1,0.0130559997633099,0.0113247996661812,0.0143360001966357,0.0130160640720278,0.0016751816018927
8192,17,full_plus_topk,indexer_topk,128,0.2,1024,50,500,2,0.0419839993119239,0.0389119982719421,0.0452560015022754,0.0422567674666643,0.002738437919763
8192,17,full_kernel,kernel,128,0.2,2048,50,500,1,0.012288000434637,0.0112640000879764,0.0143360001966357,0.0125162881277501,0.0023216930026926
8192,17,full_plus_topk,indexer_topk,128,0.2,2048,50,500,2,0.0409599989652633,0.0389119982719421,0.0461776014417409,0.0421624314859509,0.0031601829005667
16384,17,full_kernel,kernel,32,0.05,512,50,500,1,0.0112640000879764,0.0102399997413158,0.0133119998499751,0.0116565120276063,0.0024702382416044
16384,17,full_plus_topk,indexer_topk,32,0.05,512,50,500,2,0.0624639987945556,0.0573440007865428,0.0665600001811981,0.062179455935955,0.0036258575623628
16384,17,full_kernel,kernel,32,0.05,1024,50,500,1,0.012288000434637,0.0112640000879764,0.0136288001667707,0.0123929601162672,0.0015618168856047
16384,17,full_plus_topk,indexer_topk,32,0.05,1024,50,500,2,0.0634879991412162,0.0624623987823724,0.0716800019145011,0.0657554558962583,0.004297637577362
16384,17,full_kernel,kernel,32,0.05,2048,50,500,1,0.0115839997306466,0.0105584003031253,0.0133119998499751,0.0119728001300245,0.0014823481447228
16384,17,full_plus_topk,indexer_topk,32,0.05,2048,50,500,2,0.0655359998345375,0.061439998447895,0.0757760033011436,0.0675783684924244,0.005963892734446
16384,17,full_kernel,kernel,32,0.1,512,50,500,1,0.012288000434637,0.0112640000879764,0.0143360001966357,0.0125329281222075,0.0020906122414514
16384,17,full_plus_topk,indexer_topk,32,0.1,512,50,500,2,0.0624639987945556,0.0573440007865428,0.0665600001811981,0.0623572479784488,0.0035976250477093
16384,17,full_kernel,kernel,32,0.1,1024,50,500,1,0.0133119998499751,0.0114863999187946,0.0143360001966357,0.0131838720422238,0.001908271371294
16384,17,full_plus_topk,indexer_topk,32,0.1,1024,50,500,2,0.0634879991412162,0.0624639987945556,0.0716800019145011,0.0658972799479961,0.0042420749479688
16384,17,full_kernel,kernel,32,0.1,2048,50,500,1,0.012288000434637,0.0112640000879764,0.0134736001491546,0.0125550721343606,0.0019127046129963
16384,17,full_plus_topk,indexer_topk,32,0.1,2048,50,500,2,0.0655359998345375,0.061439998447895,0.0757760033011436,0.0676426885426044,0.0060105086176506
16384,17,full_kernel,kernel,32,0.15,512,50,500,1,0.012288000434637,0.0112640000879764,0.0134399998933076,0.0123102081250399,0.0017187701425854
16384,17,full_plus_topk,indexer_topk,32,0.15,512,50,500,2,0.0624639987945556,0.0573440007865428,0.0665600001811981,0.0623372799679637,0.0035901672600449
16384,17,full_kernel,kernel,32,0.15,1024,50,500,1,0.012288000434637,0.0112640000879764,0.0143360001966357,0.0125531521141529,0.0016978212451574
16384,17,full_plus_topk,indexer_topk,32,0.15,1024,50,500,2,0.0634879991412162,0.0624639987945556,0.0716800019145011,0.0666532479301095,0.0134465487419678
16384,17,full_kernel,kernel,32,0.15,2048,50,500,1,0.012288000434637,0.0112640000879764,0.0143360001966357,0.0127427840977907,0.0014997204932919
16384,17,full_plus_topk,indexer_topk,32,0.15,2048,50,500,2,0.0655359998345375,0.061439998447895,0.0757760033011436,0.0676609285399317,0.0060205320659142
16384,17,full_kernel,kernel,32,0.2,512,50,500,1,0.012288000434637,0.0112640000879764,0.0143360001966357,0.0126863360945135,0.0016184393896149
16384,17,full_plus_topk,indexer_topk,32,0.2,512,50,500,2,0.0624639987945556,0.0573440007865428,0.0665600001811981,0.0623395199775695,0.0035918279446022
16384,17,full_kernel,kernel,32,0.2,1024,50,500,1,0.012288000434637,0.0112640000879764,0.0143360001966357,0.0128308480959385,0.0021258239173241
16384,17,full_plus_topk,indexer_topk,32,0.2,1024,50,500,2,0.0634879991412162,0.0624639987945556,0.0716800019145011,0.0659235839545726,0.0042933276786236
16384,17,full_kernel,kernel,32,0.2,2048,50,500,1,0.0123840002343058,0.0112640000879764,0.0143360001966357,0.0130585600957274,0.0030193083374591
16384,17,full_plus_topk,indexer_topk,32,0.2,2048,50,500,2,0.0655359998345375,0.061439998447895,0.0757760033011436,0.0676545285359025,0.0059824437000582
16384,17,full_kernel,kernel,64,0.05,512,50,500,1,0.012288000434637,0.0112640000879764,0.0153599996119737,0.0128944641090929,0.0027558227368297
16384,17,full_plus_topk,indexer_topk,64,0.05,512,50,500,2,0.0604160018265247,0.0552960000932216,0.0645119994878768,0.0603114884644746,0.0036061016735501
16384,17,full_kernel,kernel,64,0.05,1024,50,500,1,0.012288000434637,0.0112319998443126,0.0140816001221537,0.0122750721182674,0.0019509097548268
16384,17,full_plus_topk,indexer_topk,64,0.05,1024,50,500,2,0.061439998447895,0.0604160018265247,0.0706560015678405,0.0638816645815968,0.0043345326495296
16384,17,full_kernel,kernel,64,0.05,2048,50,500,1,0.012288000434637,0.0112640000879764,0.0143360001966357,0.0125747841391712,0.0016966412173678
16384,17,full_plus_topk,indexer_topk,64,0.05,2048,50,500,2,0.0634879991412162,0.0593920014798641,0.0737280026078224,0.0656570250838994,0.0059482347557338
16384,17,full_kernel,kernel,64,0.1,512,50,500,1,0.0112640000879764,0.0104639995843172,0.0133119998499751,0.0118670080918818,0.0017316629913464
16384,17,full_plus_topk,indexer_topk,64,0.1,512,50,500,2,0.0604160018265247,0.0552960000932216,0.0645119994878768,0.0603461124747991,0.0035710014960838
16384,17,full_kernel,kernel,64,0.1,1024,50,500,1,0.0112960003316402,0.011040000244975,0.0143360001966357,0.0119862400833517,0.0016859915943807
16384,17,full_plus_topk,indexer_topk,64,0.1,1024,50,500,2,0.061439998447895,0.0604160018265247,0.0696320012211799,0.0639276804700493,0.0042945935835565
16384,17,full_kernel,kernel,64,0.1,2048,50,500,1,0.012288000434637,0.0112624000757932,0.0153679996263235,0.01235308810696,0.002516852551206
16384,17,full_plus_topk,indexer_topk,64,0.1,2048,50,500,2,0.0634879991412162,0.0593920014798641,0.0737280026078224,0.0656796810999512,0.0059579502591129
16384,17,full_kernel,kernel,64,0.15,512,50,500,1,0.011455999687314,0.0110703995916992,0.0133119998499751,0.0120312961284071,0.0016071066327226
16384,17,full_plus_topk,indexer_topk,64,0.15,512,50,500,2,0.0604160018265247,0.0552960000932216,0.0645119994878768,0.0603127044960856,0.0036061625682542
16384,17,full_kernel,kernel,64,0.15,1024,50,500,1,0.0120959999039769,0.0112640000879764,0.0135360003449022,0.0121374721378087,0.0016602704149869
16384,17,full_plus_topk,indexer_topk,64,0.15,1024,50,500,2,0.061439998447895,0.0604160018265247,0.0696320012211799,0.0638846725001931,0.0042453643971767
16384,17,full_kernel,kernel,64,0.15,2048,50,500,1,0.0120959999039769,0.0111360000446438,0.0133167998399585,0.0121433601155877,0.0018310682741751
16384,17,full_plus_topk,indexer_topk,64,0.15,2048,50,500,2,0.0634879991412162,0.0593920014798641,0.0737280026078224,0.0656499210596084,0.005951267287889
16384,17,full_kernel,kernel,64,0.2,512,50,500,1,0.0112640000879764,0.0103359995409846,0.0143360001966357,0.011899392100051,0.0019488445141848
16384,17,full_plus_topk,indexer_topk,64,0.2,512,50,500,2,0.0604160018265247,0.0552960000932216,0.0645119994878768,0.0603478404730558,0.0036049374941759
16384,17,full_kernel,kernel,64,0.2,1024,50,500,1,0.011455999687314,0.0112319998443126,0.0133119998499751,0.0120067841298878,0.0016082447037756
16384,17,full_plus_topk,indexer_topk,64,0.2,1024,50,500,2,0.061439998447895,0.0604160018265247,0.0706560015678405,0.0639046405702829,0.0043323838528576
16384,17,full_kernel,kernel,64,0.2,2048,50,500,1,0.0112640000879764,0.0103359995409846,0.0133119998499751,0.0119159040935337,0.0021456284488148
16384,17,full_plus_topk,indexer_topk,64,0.2,2048,50,500,2,0.0634879991412162,0.0593920014798641,0.0737280026078224,0.0656617611050605,0.0060139793750996
16384,17,full_kernel,kernel,128,0.05,512,50,500,1,0.0112640000879764,0.0102399997413158,0.0133119998499751,0.0116959360651671,0.001598221725294
16384,17,full_plus_topk,indexer_topk,128,0.05,512,50,500,2,0.0604160018265247,0.0552960000932216,0.0645119994878768,0.0600308484286069,0.0036656337494241
16384,17,full_kernel,kernel,128,0.05,1024,50,500,1,0.0113599998876452,0.0103359995409846,0.0133151998743414,0.0119539201091974,0.0019253085056316
16384,17,full_plus_topk,indexer_topk,128,0.05,1024,50,500,2,0.061439998447895,0.0593920014798641,0.0696320012211799,0.0635443848893046,0.0043123746174367
16384,17,full_kernel,kernel,128,0.05,2048,50,500,1,0.0112640000879764,0.0102703999727964,0.0145695997867732,0.0120083840563893,0.0024829528771223
16384,17,full_plus_topk,indexer_topk,128,0.05,2048,50,500,2,0.0634879991412162,0.0583680011332035,0.0737280026078224,0.0655564169585704,0.0084669759700957
16384,17,full_kernel,kernel,128,0.1,512,50,500,1,0.0112640000879764,0.0102399997413158,0.0133119998499751,0.0117532160449773,0.0023348435282015
16384,17,full_plus_topk,indexer_topk,128,0.1,512,50,500,2,0.0604160018265247,0.0552960000932216,0.0645119994878768,0.060008832424879,0.0035487698985878
16384,17,full_kernel,kernel,128,0.1,1024,50,500,1,0.0112640000879764,0.0103359995409846,0.0133119998499751,0.0118318080920726,0.0015877671917736
16384,17,full_plus_topk,indexer_topk,128,0.1,1024,50,500,2,0.061439998447895,0.0593920014798641,0.0696320012211799,0.063577344879508,0.0042947582626295
16384,17,full_kernel,kernel,128,0.1,2048,50,500,1,0.012288000434637,0.0112640000879764,0.0143360001966357,0.0123509121313691,0.0023067229998967
16384,17,full_plus_topk,indexer_topk,128,0.1,2048,50,500,2,0.0634879991412162,0.0593920014798641,0.0737280026078224,0.0653451529890298,0.0060025800194706
16384,17,full_kernel,kernel,128,0.15,512,50,500,1,0.011455999687314,0.0111680002883076,0.0143360001966357,0.0120714881401509,0.0019153510337966
16384,17,full_plus_topk,indexer_topk,128,0.15,512,50,500,2,0.0604160018265247,0.0552960000932216,0.0645119994878768,0.0600162564218044,0.0036222218188749
16384,17,full_kernel,kernel,128,0.15,1024,50,500,1,0.012288000434637,0.0112640000879764,0.015299200033769,0.0127712001278996,0.002067277705432
16384,17,full_plus_topk,indexer_topk,128,0.15,1024,50,500,2,0.061439998447895,0.0593920014798641,0.0696320012211799,0.0635824009031057,0.0043268950874077
16384,17,full_kernel,kernel,128,0.15,2048,50,500,1,0.0120959999039769,0.0104959998279809,0.0143360001966357,0.0121680000945925,0.0016955892136311
16384,17,full_plus_topk,indexer_topk,128,0.15,2048,50,500,2,0.0634879991412162,0.0593920014798641,0.0737280026078224,0.0653351049870252,0.0059871089381512
16384,17,full_kernel,kernel,128,0.2,512,50,500,1,0.0114879999309778,0.0104639995843172,0.0136031999252736,0.0120292481258511,0.0016646517429009
16384,17,full_plus_topk,indexer_topk,128,0.2,512,50,500,2,0.0604160018265247,0.0552960000932216,0.0645119994878768,0.060014592424035,0.0035964409371729
16384,17,full_kernel,kernel,128,0.2,1024,50,500,1,0.0114879999309778,0.0104959998279809,0.0143360001966357,0.0121798401158303,0.0022575902206555
16384,17,full_plus_topk,indexer_topk,128,0.2,1024,50,500,2,0.061439998447895,0.0593920014798641,0.0696320012211799,0.0635928968638181,0.0042978791531386
16384,17,full_kernel,kernel,128,0.2,2048,50,500,1,0.0122239999473094,0.0112640000879764,0.0143360001966357,0.0121970561351627,0.0016852273631346
16384,17,full_plus_topk,indexer_topk,128,0.2,2048,50,500,2,0.0634879991412162,0.0593920014798641,0.0737280026078224,0.0653352329805493,0.0059996929055015
32768,17,full_kernel,kernel,32,0.05,512,50,500,1,0.0131519995629787,0.012288000434637,0.0133776003029197,0.0131434240452945,0.002211727447962
32768,17,full_plus_topk,indexer_topk,32,0.05,512,50,500,2,0.088128000497818,0.0870399996638298,0.0939600002020597,0.088982720285654,0.0028131821758124
32768,17,full_kernel,kernel,32,0.05,1024,50,500,1,0.0133119998499751,0.012288000434637,0.0136320004239678,0.0133953279741108,0.0020614903686808
32768,17,full_plus_topk,indexer_topk,32,0.05,1024,50,500,2,0.0883520022034645,0.0870399996638298,0.0932000014930963,0.0892645763456821,0.0028900174495876
32768,17,full_kernel,kernel,32,0.05,2048,50,500,1,0.0133119998499751,0.012288000434637,0.0134752001147717,0.0133363839574158,0.0014894332162118
32768,17,full_plus_topk,indexer_topk,32,0.05,2048,50,500,2,0.0880640000104904,0.0867199972271919,0.0923280023038387,0.0886322562396526,0.0024680162529233
32768,17,full_kernel,kernel,32,0.1,512,50,500,1,0.0133119998499751,0.012288000434637,0.0135040003806352,0.0133119359500706,0.0013242085372562
32768,17,full_plus_topk,indexer_topk,32,0.1,512,50,500,2,0.0872000008821487,0.0860159993171691,0.0935311969369649,0.0881220479756593,0.0030457627047341
32768,17,full_kernel,kernel,32,0.1,1024,50,500,1,0.0133119998499751,0.012288000434637,0.0140832000877708,0.0133297919537872,0.0013884942619331
32768,17,full_plus_topk,indexer_topk,32,0.1,1024,50,500,2,0.0870399996638298,0.0851199999451637,0.0920384004712104,0.087694399908185,0.0039551173256417
32768,17,full_kernel,kernel,32,0.1,2048,50,500,1,0.0133119998499751,0.012288000434637,0.0143360001966357,0.0134268799722194,0.0017358393872849
32768,17,full_plus_topk,indexer_topk,32,0.1,2048,50,500,2,0.0880640000104904,0.086940798908472,0.0932352017611264,0.0889864321798086,0.0039218194586635
32768,17,full_kernel,kernel,32,0.15,512,50,500,1,0.0133119998499751,0.012288000434637,0.0134720001369714,0.0133157759625464,0.0014325681861702
32768,17,full_plus_topk,indexer_topk,32,0.15,512,50,500,2,0.0873280018568039,0.0860159993171691,0.0932352017611264,0.0882146560102701,0.0031141856137104
32768,17,full_kernel,kernel,32,0.15,1024,50,500,1,0.0133119998499751,0.012288000434637,0.0143360001966357,0.0134564479310065,0.0016374815260407
32768,17,full_plus_topk,indexer_topk,32,0.15,1024,50,500,2,0.0878079980611801,0.0860159993171691,0.0931840017437934,0.0905189119875431,0.0439916771051318
32768,17,full_kernel,kernel,32,0.15,2048,50,500,1,0.0133119998499751,0.012288000434637,0.014084800099954,0.0133322879653424,0.001337739367927
32768,17,full_plus_topk,indexer_topk,32,0.15,2048,50,500,2,0.0871680006384849,0.085854398086667,0.0931840017437934,0.0880608639717102,0.0031335333013189
32768,17,full_kernel,kernel,32,0.2,512,50,500,1,0.0133119998499751,0.012288000434637,0.0134720001369714,0.0132735999617725,0.0013989980679847
32768,17,full_plus_topk,indexer_topk,32,0.2,512,50,500,2,0.0870399996638298,0.0859439987689256,0.0921648014336824,0.0877452158927917,0.0030123505602554
32768,17,full_kernel,kernel,32,0.2,1024,50,500,1,0.0133119998499751,0.012288000434637,0.0140319996513426,0.0133287679497152,0.0012092805418554
32768,17,full_plus_topk,indexer_topk,32,0.2,1024,50,500,2,0.0880640000104904,0.0860479995608329,0.0932224016636609,0.0884567681252956,0.0026832115805242
32768,17,full_kernel,kernel,32,0.2,2048,50,500,1,0.0133119998499751,0.012288000434637,0.0143360001966357,0.013324863968417,0.0013535978461381
32768,17,full_plus_topk,indexer_topk,32,0.2,2048,50,500,2,0.0872960016131401,0.0860159993171691,0.0921632014214992,0.0881353601217269,0.0026858174750027
32768,17,full_kernel,kernel,64,0.05,512,50,500,1,0.0112640000879764,0.0102399997413158,0.0133119998499751,0.0117262720614671,0.0017641653246032
32768,17,full_plus_topk,indexer_topk,64,0.05,512,50,500,2,0.0877119973301887,0.0860159993171691,0.0923568028956651,0.0881989761441946,0.0026467176602982
32768,17,full_kernel,kernel,64,0.05,1024,50,500,1,0.01110399980098,0.0101119996979832,0.0124864000361412,0.0111371519900858,0.0017696569442738
32768,17,full_plus_topk,indexer_topk,64,0.05,1024,50,500,2,0.0870399996638298,0.0849919989705085,0.0918719992041587,0.0873881598263979,0.002788999884334
32768,17,full_kernel,kernel,64,0.05,2048,50,500,1,0.0111680002883076,0.010143999941647,0.0143360001966357,0.0112908159997314,0.0019786415345821
32768,17,full_plus_topk,indexer_topk,64,0.05,2048,50,500,2,0.0870399996638298,0.0850239992141723,0.0913216020911931,0.0873880318552255,0.002673465233253
32768,17,full_kernel,kernel,64,0.1,512,50,500,1,0.0113279996439814,0.0102399997413158,0.0133824003394693,0.0119103360734879,0.0019867127037093
32768,17,full_plus_topk,indexer_topk,64,0.1,512,50,500,2,0.0880640000104904,0.0860799998044967,0.0931840017437934,0.0907496320754289,0.0527942085253825
32768,17,full_kernel,kernel,64,0.1,1024,50,500,1,0.012288000434637,0.0112640000879764,0.0143360001966357,0.012678336136043,0.001594482192629
32768,17,full_plus_topk,indexer_topk,64,0.1,1024,50,500,2,0.0870399996638298,0.0859839990735054,0.0921648014336824,0.0877935359179973,0.0025941743940153
32768,17,full_kernel,kernel,64,0.1,2048,50,500,1,0.0112640000879764,0.0102399997413158,0.0133119998499751,0.0115875200442969,0.0016601056180668
32768,17,full_plus_topk,indexer_topk,64,0.1,2048,50,500,2,0.0870399996638298,0.085216000676155,0.0921600013971328,0.0875403519421815,0.0026254664162976
32768,17,full_kernel,kernel,64,0.15,512,50,500,1,0.0112640000879764,0.0102399997413158,0.0133119998499751,0.0116107520386576,0.0019535755366823
32768,17,full_plus_topk,indexer_topk,64,0.15,512,50,500,2,0.0870399996638298,0.0860159993171691,0.0922976020723581,0.0879680639505386,0.0036209161550035
32768,17,full_kernel,kernel,64,0.15,1024,50,500,1,0.0112640000879764,0.0102399997413158,0.0133119998499751,0.0115573120433837,0.0020483476281282
32768,17,full_plus_topk,indexer_topk,64,0.15,1024,50,500,2,0.0872960016131401,0.0860159993171691,0.0931968018412589,0.0882092800587415,0.0031313958983017
32768,17,full_kernel,kernel,64,0.15,2048,50,500,1,0.012288000434637,0.0112640000879764,0.0143360001966357,0.0125350401364266,0.0017110449740874
32768,17,full_plus_topk,indexer_topk,64,0.15,2048,50,500,2,0.0870399996638298,0.0853120014071464,0.0922640018165111,0.0875418878644704,0.0025539395298627
32768,17,full_kernel,kernel,64,0.2,512,50,500,1,0.0112640000879764,0.0102399997413158,0.0122896004002541,0.0112066560108214,0.0017387955724612
32768,17,full_plus_topk,indexer_topk,64,0.2,512,50,500,2,0.0872960016131401,0.0860159993171691,0.0922240018844604,0.0881740159988403,0.003072298464086
32768,17,full_kernel,kernel,64,0.2,1024,50,500,1,0.0120639996603131,0.0110703995916992,0.0143360001966357,0.0121633281186223,0.0017442087146357
32768,17,full_plus_topk,indexer_topk,64,0.2,1024,50,500,2,0.0872320011258125,0.0860159993171691,0.0922256018966436,0.0881564799845218,0.0040183215499562
32768,17,full_kernel,kernel,64,0.2,2048,50,500,1,0.0112640000879764,0.0102399997413158,0.0133119998499751,0.0118572160750627,0.00222310347867
32768,17,full_plus_topk,indexer_topk,64,0.2,2048,50,500,2,0.0870399996638298,0.0852784011512994,0.0922016017138957,0.0876299518346786,0.0028681690993335
32768,17,full_kernel,kernel,128,0.05,512,50,500,1,0.0115360002964735,0.0111023997887969,0.0141471996903419,0.0121749121192842,0.002019596288192
32768,17,full_plus_topk,indexer_topk,128,0.05,512,50,500,2,0.0871680006384849,0.0860159993171691,0.0942080020904541,0.0884720000773668,0.0046039900280114
32768,17,full_kernel,kernel,128,0.05,1024,50,500,1,0.0121280001476407,0.0105280000716447,0.0143360001966357,0.0125711361076682,0.0085502759848211
32768,17,full_plus_topk,indexer_topk,128,0.05,1024,50,500,2,0.0871040001511573,0.0860159993171691,0.0921600013971328,0.0878043519705534,0.0024012612514065
32768,17,full_kernel,kernel,128,0.05,2048,50,500,1,0.012288000434637,0.0112640000879764,0.0133119998499751,0.012229248156771,0.0016202396919643
32768,17,full_plus_topk,indexer_topk,128,0.05,2048,50,500,2,0.0880640000104904,0.0860159993171691,0.0942080020904541,0.088587904214859,0.0031844688838863
32768,17,full_kernel,kernel,128,0.1,512,50,500,1,0.0114240003749728,0.0102703999727964,0.0133119998499751,0.0118187520951032,0.0015592490777849
32768,17,full_plus_topk,indexer_topk,128,0.1,512,50,500,2,0.0879999995231628,0.0860159993171691,0.0931872017681598,0.0883484160751104,0.002920644764804
32768,17,full_kernel,kernel,128,0.1,1024,50,500,1,0.012288000434637,0.0112640000879764,0.0143360001966357,0.0123679361473768,0.0016101419384642
32768,17,full_plus_topk,indexer_topk,128,0.1,1024,50,500,2,0.0872320011258125,0.0860159993171691,0.0921600013971328,0.087970560029149,0.0024122047801073
32768,17,full_kernel,kernel,128,0.1,2048,50,500,1,0.0113279996439814,0.0102399997413158,0.0133119998499751,0.0118087040800601,0.0017120991505104
32768,17,full_plus_topk,indexer_topk,128,0.1,2048,50,500,2,0.0873920023441314,0.0860159993171691,0.0921600013971328,0.0880947840809822,0.0026357219217199
32768,17,full_kernel,kernel,128,0.15,512,50,500,1,0.011455999687314,0.0102719999849796,0.0143360001966357,0.0121001600883901,0.001746034810518
32768,17,full_plus_topk,indexer_topk,128,0.15,512,50,500,2,0.0870399996638298,0.0859839990735054,0.0925151966512203,0.0876797439306974,0.0026980759198653
32768,17,full_kernel,kernel,128,0.15,1024,50,500,1,0.011392000131309,0.0103679997846484,0.0133119998499751,0.0118609280902892,0.0016030646875233
32768,17,full_plus_topk,indexer_topk,128,0.15,1024,50,500,2,0.0877279974520206,0.0860159993171691,0.0928687993437051,0.0881110399663448,0.0027594366121177
32768,17,full_kernel,kernel,128,0.15,2048,50,500,1,0.012288000434637,0.0112640000879764,0.0143360001966357,0.0126092801466584,0.0020986834438142
32768,17,full_plus_topk,indexer_topk,128,0.15,2048,50,500,2,0.0880159996449947,0.0860159993171691,0.0923856031149625,0.0883224961310625,0.0028009973055356
32768,17,full_kernel,kernel,128,0.2,512,50,500,1,0.0112640000879764,0.0102399997413158,0.0133199998643249,0.0116222720369696,0.0019025773689513
32768,17,full_plus_topk,indexer_topk,128,0.2,512,50,500,2,0.0876959972083568,0.0860159993171691,0.0929423999041318,0.0925045759826898,0.0939286083069022
32768,17,full_kernel,kernel,128,0.2,1024,50,500,1,0.0122400000691413,0.0104320002719759,0.0133119998499751,0.0121904641520231,0.0025794417266186
32768,17,full_plus_topk,indexer_topk,128,0.2,1024,50,500,2,0.0880640000104904,0.0869759991765022,0.0930320005863904,0.0886140162944793,0.0023260846254679
32768,17,full_kernel,kernel,128,0.2,2048,50,500,1,0.0112640000879764,0.0102399997413158,0.0133119998499751,0.0115022080596536,0.0015577720196962
32768,17,full_plus_topk,indexer_topk,128,0.2,2048,50,500,2,0.0879359990358352,0.0861120000481605,0.0935087967664003,0.0883272960633039,0.0029233761816218
