method_id,method,protocol,bundle,observation_index,observation_category,nominal_context,length,batch,query_length,heads,head_dimension,dtype,topk,block_size,warmup,measurements,flush_mib,fixed_input_addresses,preallocated_outputs,timed_region_explicit_output_allocations,gpu,torch,cuda,triton,q_data_ptr,k_data_ptr,full64_reference_max_abs,full64_reference_topk_recall,fused_vs_full_max_abs_on_candidates,fused_topk_recall_vs_runtime_full64,nominal_promotion_rate,reference_actual_promotion_rate,runtime_actual_promotion_rate,h8_reference_max_abs,t1_reference_max_abs,mean_us,median_us,p5_us,p95_us,min_us,std_us
L0,full64,warm-cache,dsa_replay_c16384_layer17_code_heldout_3.pt,2,near_threshold,16384,16449,1,1,64,128,bfloat16,2048,64,200,2000,0,True,True,0,NVIDIA L40S,2.11.0+cu130,13.0,3.6.0,0x7f92a4e00000,0x7f928a000000,0.012453556060791016,0.9990234375,9.5367431640625e-07,0.998046875,0.1,0.4634146341463415,0.4634146341463415,0.011538505554199219,0.01230001449584961,27.952639928087592,27.615999802947044,25.599999353289604,31.74399957060814,24.57600086927414,4.860695224278026
L0,full64,cache-flush,dsa_replay_c16384_layer17_code_heldout_3.pt,2,near_threshold,16384,16449,1,1,64,128,bfloat16,2048,64,200,2000,64,True,True,0,NVIDIA L40S,2.11.0+cu130,13.0,3.6.0,0x7f92a4e00000,0x7f928a000000,0.012453556060791016,0.9990234375,9.5367431640625e-07,0.998046875,0.1,0.4634146341463415,0.4634146341463415,0.011538505554199219,0.01230001449584961,15.20515201240778,14.336000196635723,12.512000277638435,18.432000651955605,11.552000418305397,16.35395740335851
L1,topk_only,warm-cache,dsa_replay_c16384_layer17_code_heldout_3.pt,2,near_threshold,16384,16449,1,1,64,128,bfloat16,2048,64,200,2000,0,True,True,0,NVIDIA L40S,2.11.0+cu130,13.0,3.6.0,0x7f92a4e00000,0x7f928a000000,0.012453556060791016,0.9990234375,9.5367431640625e-07,0.998046875,0.1,0.4634146341463415,0.4634146341463415,0.011538505554199219,0.01230001449584961,73.41616240888834,72.7040022611618,72.7040022611618,73.72800260782242,72.7040022611618,6.554757466332072
L1,topk_only,cache-flush,dsa_replay_c16384_layer17_code_heldout_3.pt,2,near_threshold,16384,16449,1,1,64,128,bfloat16,2048,64,200,2000,64,True,True,0,NVIDIA L40S,2.11.0+cu130,13.0,3.6.0,0x7f92a4e00000,0x7f928a000000,0.012453556060791016,0.9990234375,9.5367431640625e-07,0.998046875,0.1,0.4634146341463415,0.4634146341463415,0.011538505554199219,0.01230001449584961,73.32363447546959,73.72800260782242,72.7040022611618,73.72800260782242,72.7040022611618,0.5066899870529243
L2,full64_topk,warm-cache,dsa_replay_c16384_layer17_code_heldout_3.pt,2,near_threshold,16384,16449,1,1,64,128,bfloat16,2048,64,200,2000,0,True,True,0,NVIDIA L40S,2.11.0+cu130,13.0,3.6.0,0x7f92a4e00000,0x7f928a000000,0.012453556060791016,0.9990234375,9.5367431640625e-07,0.998046875,0.1,0.4634146341463415,0.4634146341463415,0.011538505554199219,0.01230001449584961,61.10844758525491,61.43999844789505,60.416001826524734,61.43999844789505,60.416001826524734,0.8860639145764478
L2,full64_topk,cache-flush,dsa_replay_c16384_layer17_code_heldout_3.pt,2,near_threshold,16384,16449,1,1,64,128,bfloat16,2048,64,200,2000,64,True,True,0,NVIDIA L40S,2.11.0+cu130,13.0,3.6.0,0x7f92a4e00000,0x7f928a000000,0.012453556060791016,0.9990234375,9.5367431640625e-07,0.998046875,0.1,0.4634146341463415,0.4634146341463415,0.011538505554199219,0.01230001449584961,61.13769547082484,61.43999844789505,60.416001826524734,61.43999844789505,60.416001826524734,0.823299637865748
L3,h8,warm-cache,dsa_replay_c16384_layer17_code_heldout_3.pt,2,near_threshold,16384,16449,1,1,64,128,bfloat16,2048,64,200,2000,0,True,True,0,NVIDIA L40S,2.11.0+cu130,13.0,3.6.0,0x7f92a4e00000,0x7f928a000000,0.012453556060791016,0.9990234375,9.5367431640625e-07,0.998046875,0.1,0.4634146341463415,0.4634146341463415,0.011538505554199219,0.01230001449584961,28.75032020546496,28.672000393271446,27.648000046610832,29.69600073993206,26.623999699950218,1.291808892147071
L3,h8,cache-flush,dsa_replay_c16384_layer17_code_heldout_3.pt,2,near_threshold,16384,16449,1,1,64,128,bfloat16,2048,64,200,2000,64,True,True,0,NVIDIA L40S,2.11.0+cu130,13.0,3.6.0,0x7f92a4e00000,0x7f928a000000,0.012453556060791016,0.9990234375,9.5367431640625e-07,0.998046875,0.1,0.4634146341463415,0.4634146341463415,0.011538505554199219,0.01230001449584961,17.265488045755774,16.543999314308167,15.359999611973763,22.283200081437815,14.336000196635723,2.0633844676340396
L4,progressive_h8,warm-cache,dsa_replay_c16384_layer17_code_heldout_3.pt,2,near_threshold,16384,16449,1,1,64,128,bfloat16,2048,64,200,2000,0,True,True,0,NVIDIA L40S,2.11.0+cu130,13.0,3.6.0,0x7f92a4e00000,0x7f928a000000,0.012453556060791016,0.9990234375,9.5367431640625e-07,0.998046875,0.1,0.4634146341463415,0.4634146341463415,0.011538505554199219,0.01230001449584961,69.42174476385117,68.60800087451935,66.46399945020676,75.77600330114365,64.54399973154068,7.135933917609211
L4,progressive_h8,cache-flush,dsa_replay_c16384_layer17_code_heldout_3.pt,2,near_threshold,16384,16449,1,1,64,128,bfloat16,2048,64,200,2000,64,True,True,0,NVIDIA L40S,2.11.0+cu130,13.0,3.6.0,0x7f92a4e00000,0x7f928a000000,0.012453556060791016,0.9990234375,9.5367431640625e-07,0.998046875,0.1,0.4634146341463415,0.4634146341463415,0.011538505554199219,0.01230001449584961,57.771424463018775,57.34400078654289,55.39040081202984,62.46719881892204,54.27199974656105,2.858008058327913
L5,fused_dense,warm-cache,dsa_replay_c16384_layer17_code_heldout_3.pt,2,near_threshold,16384,16449,1,1,64,128,bfloat16,2048,64,200,2000,0,True,True,0,NVIDIA L40S,2.11.0+cu130,13.0,3.6.0,0x7f92a4e00000,0x7f928a000000,0.012453556060791016,0.9990234375,9.5367431640625e-07,0.998046875,0.1,0.4634146341463415,0.4634146341463415,0.011538505554199219,0.01230001449584961,33.44728000834584,32.80000016093254,31.90400078892708,34.78400036692619,30.7839997112751,5.8006966447070845
L5,fused_dense,cache-flush,dsa_replay_c16384_layer17_code_heldout_3.pt,2,near_threshold,16384,16449,1,1,64,128,bfloat16,2048,64,200,2000,64,True,True,0,NVIDIA L40S,2.11.0+cu130,13.0,3.6.0,0x7f92a4e00000,0x7f928a000000,0.012453556060791016,0.9990234375,9.5367431640625e-07,0.998046875,0.1,0.4634146341463415,0.4634146341463415,0.011538505554199219,0.01230001449584961,22.976911779493093,20.608000457286835,19.45599913597107,23.552000522613525,16.383999958634377,27.344799607560038
L6,fused_compact,warm-cache,dsa_replay_c16384_layer17_code_heldout_3.pt,2,near_threshold,16384,16449,1,1,64,128,bfloat16,2048,64,200,2000,0,True,True,0,NVIDIA L40S,2.11.0+cu130,13.0,3.6.0,0x7f92a4e00000,0x7f928a000000,0.012453556060791016,0.9990234375,9.5367431640625e-07,0.998046875,0.1,0.4634146341463415,0.4634146341463415,0.011538505554199219,0.01230001449584961,43.12881576642394,42.847998440265656,41.21600091457367,46.08000069856644,40.95999896526337,5.923170594624549
L6,fused_compact,cache-flush,dsa_replay_c16384_layer17_code_heldout_3.pt,2,near_threshold,16384,16449,1,1,64,128,bfloat16,2048,64,200,2000,64,True,True,0,NVIDIA L40S,2.11.0+cu130,13.0,3.6.0,0x7f92a4e00000,0x7f928a000000,0.012453556060791016,0.9990234375,9.5367431640625e-07,0.998046875,0.1,0.4634146341463415,0.4634146341463415,0.011538505554199219,0.01230001449584961,30.57716803625226,29.888000339269638,28.672000393271446,33.79200026392937,27.648000046610832,2.1427115294687304
L7,fused_topk,warm-cache,dsa_replay_c16384_layer17_code_heldout_3.pt,2,near_threshold,16384,16449,1,1,64,128,bfloat16,2048,64,200,2000,0,True,True,0,NVIDIA L40S,2.11.0+cu130,13.0,3.6.0,0x7f92a4e00000,0x7f928a000000,0.012453556060791016,0.9990234375,9.5367431640625e-07,0.998046875,0.1,0.4634146341463415,0.4634146341463415,0.011538505554199219,0.01230001449584961,63.13321501761675,63.48799914121628,62.463998794555664,63.48799914121628,62.463998794555664,1.154443024156299
L7,fused_topk,cache-flush,dsa_replay_c16384_layer17_code_heldout_3.pt,2,near_threshold,16384,16449,1,1,64,128,bfloat16,2048,64,200,2000,64,True,True,0,NVIDIA L40S,2.11.0+cu130,13.0,3.6.0,0x7f92a4e00000,0x7f928a000000,0.012453556060791016,0.9990234375,9.5367431640625e-07,0.998046875,0.1,0.4634146341463415,0.4634146341463415,0.011538505554199219,0.01230001449584961,63.049566991627216,63.48799914121628,62.463998794555664,63.48799914121628,62.463998794555664,0.8798858739717832
L8,t1,warm-cache,dsa_replay_c16384_layer17_code_heldout_3.pt,2,near_threshold,16384,16449,1,1,64,128,bfloat16,2048,64,200,2000,0,True,True,0,NVIDIA L40S,2.11.0+cu130,13.0,3.6.0,0x7f92a4e00000,0x7f928a000000,0.012453556060791016,0.9990234375,9.5367431640625e-07,0.998046875,0.1,0.4634146341463415,0.4634146341463415,0.011538505554199219,0.01230001449584961,50.95047932676971,50.97600072622299,49.375999718904495,52.22399905323982,48.128001391887665,1.5763457357436066
L8,t1,cache-flush,dsa_replay_c16384_layer17_code_heldout_3.pt,2,near_threshold,16384,16449,1,1,64,128,bfloat16,2048,64,200,2000,64,True,True,0,NVIDIA L40S,2.11.0+cu130,13.0,3.6.0,0x7f92a4e00000,0x7f928a000000,0.012453556060791016,0.9990234375,9.5367431640625e-07,0.998046875,0.1,0.4634146341463415,0.4634146341463415,0.011538505554199219,0.01230001449584961,40.92235124669969,40.863998234272,38.91199827194214,43.007999658584595,37.88800165057182,2.2705451366365024
L0,full64,warm-cache,dsa_replay_c32768_layer17_code_heldout_3.pt,2,near_threshold,32768,32885,1,1,64,128,bfloat16,2048,64,200,2000,0,True,True,0,NVIDIA L40S,2.11.0+cu130,13.0,3.6.0,0x7f92a4ecde00,0x7f928a404200,0.021010398864746094,0.998046875,1.9073486328125e-06,0.98876953125,0.1,0.010471204188481676,0.010471204188481676,0.01736736297607422,0.01851367950439453,26.675087827257812,26.623999699950218,25.599999353289604,27.648000046610832,24.800000712275505,1.4641644807050747
L0,full64,cache-flush,dsa_replay_c32768_layer17_code_heldout_3.pt,2,near_threshold,32768,32885,1,1,64,128,bfloat16,2048,64,200,2000,64,True,True,0,NVIDIA L40S,2.11.0+cu130,13.0,3.6.0,0x7f92a4ecde00,0x7f928a404200,0.021010398864746094,0.998046875,1.9073486328125e-06,0.98876953125,0.1,0.010471204188481676,0.010471204188481676,0.01736736297607422,0.01851367950439453,15.476559916511178,15.359999611973763,14.206400141119957,17.40800030529499,12.44799979031086,1.7377890647155079
L1,topk_only,warm-cache,dsa_replay_c32768_layer17_code_heldout_3.pt,2,near_threshold,32768,32885,1,1,64,128,bfloat16,2048,64,200,2000,0,True,True,0,NVIDIA L40S,2.11.0+cu130,13.0,3.6.0,0x7f92a4ecde00,0x7f928a404200,0.021010398864746094,0.998046875,1.9073486328125e-06,0.98876953125,0.1,0.010471204188481676,0.010471204188481676,0.01736736297607422,0.01851367950439453,86.44783897325397,83.96799862384796,81.91999793052673,88.06400001049042,80.19199967384338,81.18529782425371
L1,topk_only,cache-flush,dsa_replay_c32768_layer17_code_heldout_3.pt,2,near_threshold,32768,32885,1,1,64,128,bfloat16,2048,64,200,2000,64,True,True,0,NVIDIA L40S,2.11.0+cu130,13.0,3.6.0,0x7f92a4ecde00,0x7f928a404200,0.021010398864746094,0.998046875,1.9073486328125e-06,0.98876953125,0.1,0.010471204188481676,0.010471204188481676,0.01736736297607422,0.01851367950439453,70.95526536181569,70.65600156784058,68.67200136184692,74.44160059094428,67.71200150251389,2.9720288229720384
L2,full64_topk,warm-cache,dsa_replay_c32768_layer17_code_heldout_3.pt,2,near_threshold,32768,32885,1,1,64,128,bfloat16,2048,64,200,2000,0,True,True,0,NVIDIA L40S,2.11.0+cu130,13.0,3.6.0,0x7f92a4ecde00,0x7f928a404200,0.021010398864746094,0.998046875,1.9073486328125e-06,0.98876953125,0.1,0.010471204188481676,0.010471204188481676,0.01736736297607422,0.01851367950439453,113.90641679987311,112.64000087976456,111.61600053310394,116.73600226640701,109.56799983978271,30.174942074100574
L2,full64_topk,cache-flush,dsa_replay_c32768_layer17_code_heldout_3.pt,2,near_threshold,32768,32885,1,1,64,128,bfloat16,2048,64,200,2000,64,True,True,0,NVIDIA L40S,2.11.0+cu130,13.0,3.6.0,0x7f92a4ecde00,0x7f928a404200,0.021010398864746094,0.998046875,1.9073486328125e-06,0.98876953125,0.1,0.010471204188481676,0.010471204188481676,0.01736736297607422,0.01851367950439453,101.26934206113219,100.47999769449234,99.32799637317657,105.73120042681694,97.28000313043594,2.934136072291864
L3,h8,warm-cache,dsa_replay_c32768_layer17_code_heldout_3.pt,2,near_threshold,32768,32885,1,1,64,128,bfloat16,2048,64,200,2000,0,True,True,0,NVIDIA L40S,2.11.0+cu130,13.0,3.6.0,0x7f92a4ecde00,0x7f928a404200,0.021010398864746094,0.998046875,1.9073486328125e-06,0.98876953125,0.1,0.010471204188481676,0.010471204188481676,0.01736736297607422,0.01851367950439453,29.604864232242107,29.440000653266907,28.575999662280083,30.719999223947525,27.648000046610832,5.781602415183834
L3,h8,cache-flush,dsa_replay_c32768_layer17_code_heldout_3.pt,2,near_threshold,32768,32885,1,1,64,128,bfloat16,2048,64,200,2000,64,True,True,0,NVIDIA L40S,2.11.0+cu130,13.0,3.6.0,0x7f92a4ecde00,0x7f928a404200,0.021010398864746094,0.998046875,1.9073486328125e-06,0.98876953125,0.1,0.010471204188481676,0.010471204188481676,0.01736736297607422,0.01851367950439453,17.328096096403897,17.27999933063984,15.519999898970127,18.432000651955605,14.336000196635723,4.661915791320954
L4,progressive_h8,warm-cache,dsa_replay_c32768_layer17_code_heldout_3.pt,2,near_threshold,32768,32885,1,1,64,128,bfloat16,2048,64,200,2000,0,True,True,0,NVIDIA L40S,2.11.0+cu130,13.0,3.6.0,0x7f92a4ecde00,0x7f928a404200,0.021010398864746094,0.998046875,1.9073486328125e-06,0.98876953125,0.1,0.010471204188481676,0.010471204188481676,0.01736736297607422,0.01851367950439453,67.64939244091511,67.55200028419495,65.72640128433704,69.63200122117996,64.54399973154068,2.1139902289647057
L4,progressive_h8,cache-flush,dsa_replay_c32768_layer17_code_heldout_3.pt,2,near_threshold,32768,32885,1,1,64,128,bfloat16,2048,64,200,2000,64,True,True,0,NVIDIA L40S,2.11.0+cu130,13.0,3.6.0,0x7f92a4ecde00,0x7f928a404200,0.021010398864746094,0.998046875,1.9073486328125e-06,0.98876953125,0.1,0.010471204188481676,0.010471204188481676,0.01736736297607422,0.01851367950439453,57.5338244587183,57.11999908089638,55.296000093221664,59.4559982419014,54.27199974656105,12.218339953696466
L5,fused_dense,warm-cache,dsa_replay_c32768_layer17_code_heldout_3.pt,2,near_threshold,32768,32885,1,1,64,128,bfloat16,2048,64,200,2000,0,True,True,0,NVIDIA L40S,2.11.0+cu130,13.0,3.6.0,0x7f92a4ecde00,0x7f928a404200,0.021010398864746094,0.998046875,1.9073486328125e-06,0.98876953125,0.1,0.010471204188481676,0.010471204188481676,0.01736736297607422,0.01851367950439453,33.152575962245464,32.76799991726875,31.74399957060814,33.79200026392937,31.74399957060814,4.8665592349210085
L5,fused_dense,cache-flush,dsa_replay_c32768_layer17_code_heldout_3.pt,2,near_threshold,32768,32885,1,1,64,128,bfloat16,2048,64,200,2000,64,True,True,0,NVIDIA L40S,2.11.0+cu130,13.0,3.6.0,0x7f92a4ecde00,0x7f928a404200,0.021010398864746094,0.998046875,1.9073486328125e-06,0.98876953125,0.1,0.010471204188481676,0.010471204188481676,0.01736736297607422,0.01851367950439453,21.637743841856718,21.503999829292297,20.320000126957893,23.552000522613525,19.45599913597107,4.759540351194256
L6,fused_compact,warm-cache,dsa_replay_c32768_layer17_code_heldout_3.pt,2,near_threshold,32768,32885,1,1,64,128,bfloat16,2048,64,200,2000,0,True,True,0,NVIDIA L40S,2.11.0+cu130,13.0,3.6.0,0x7f92a4ecde00,0x7f928a404200,0.021010398864746094,0.998046875,1.9073486328125e-06,0.98876953125,0.1,0.010471204188481676,0.010471204188481676,0.01736736297607422,0.01851367950439453,43.33556782267988,43.007999658584595,41.98399931192398,44.863998889923096,41.120000183582306,1.5590009944130854
L6,fused_compact,cache-flush,dsa_replay_c32768_layer17_code_heldout_3.pt,2,near_threshold,32768,32885,1,1,64,128,bfloat16,2048,64,200,2000,64,True,True,0,NVIDIA L40S,2.11.0+cu130,13.0,3.6.0,0x7f92a4ecde00,0x7f928a404200,0.021010398864746094,0.998046875,1.9073486328125e-06,0.98876953125,0.1,0.010471204188481676,0.010471204188481676,0.01736736297607422,0.01851367950439453,30.509855965152383,30.559999868273735,28.672000393271446,31.777599826455116,27.648000046610832,1.8002219481953714
L7,fused_topk,warm-cache,dsa_replay_c32768_layer17_code_heldout_3.pt,2,near_threshold,32768,32885,1,1,64,128,bfloat16,2048,64,200,2000,0,True,True,0,NVIDIA L40S,2.11.0+cu130,13.0,3.6.0,0x7f92a4ecde00,0x7f928a404200,0.021010398864746094,0.998046875,1.9073486328125e-06,0.98876953125,0.1,0.010471204188481676,0.010471204188481676,0.01736736297607422,0.01851367950439453,119.94396939128637,118.8800036907196,117.76000261306763,123.90399724245071,115.74400216341019,9.550632105547452
L7,fused_topk,cache-flush,dsa_replay_c32768_layer17_code_heldout_3.pt,2,near_threshold,32768,32885,1,1,64,128,bfloat16,2048,64,200,2000,64,True,True,0,NVIDIA L40S,2.11.0+cu130,13.0,3.6.0,0x7f92a4ecde00,0x7f928a404200,0.021010398864746094,0.998046875,1.9073486328125e-06,0.98876953125,0.1,0.010471204188481676,0.010471204188481676,0.01736736297607422,0.01851367950439453,107.8828473687172,107.4719987809658,105.47199845314026,112.64000087976456,104.44799810647964,3.1846123782567477
L8,t1,warm-cache,dsa_replay_c32768_layer17_code_heldout_3.pt,2,near_threshold,32768,32885,1,1,64,128,bfloat16,2048,64,200,2000,0,True,True,0,NVIDIA L40S,2.11.0+cu130,13.0,3.6.0,0x7f92a4ecde00,0x7f928a404200,0.021010398864746094,0.998046875,1.9073486328125e-06,0.98876953125,0.1,0.010471204188481676,0.010471204188481676,0.01736736297607422,0.01851367950439453,49.697712341323495,49.15200173854828,48.128001391887665,51.13599821925163,47.26399853825569,4.395175992467073
L8,t1,cache-flush,dsa_replay_c32768_layer17_code_heldout_3.pt,2,near_threshold,32768,32885,1,1,64,128,bfloat16,2048,64,200,2000,64,True,True,0,NVIDIA L40S,2.11.0+cu130,13.0,3.6.0,0x7f92a4ecde00,0x7f928a404200,0.021010398864746094,0.998046875,1.9073486328125e-06,0.98876953125,0.1,0.010471204188481676,0.010471204188481676,0.01736736297607422,0.01851367950439453,41.60123144835234,40.73600098490715,38.91199827194214,50.175998359918594,37.88800165057182,8.043408218736767
L0,full64,warm-cache,dsa_replay_c8192_layer17_code_heldout_3.pt,2,near_threshold,8192,8285,1,1,64,128,bfloat16,2048,64,200,2000,0,True,True,0,NVIDIA L40S,2.11.0+cu130,13.0,3.6.0,0x7f92a4e00000,0x7f928a000000,0.012267112731933594,0.99853515625,9.5367431640625e-07,1.0,0.1,0.2,0.4,0.012945413589477539,0.013799667358398438,27.236287890933454,26.688000187277794,25.82399919629097,28.672000393271446,25.50400048494339,4.689283563045606
L0,full64,cache-flush,dsa_replay_c8192_layer17_code_heldout_3.pt,2,near_threshold,8192,8285,1,1,64,128,bfloat16,2048,64,200,2000,64,True,True,0,NVIDIA L40S,2.11.0+cu130,13.0,3.6.0,0x7f92a4e00000,0x7f928a000000,0.012267112731933594,0.99853515625,9.5367431640625e-07,1.0,0.1,0.2,0.4,0.012945413589477539,0.013799667358398438,15.525535909458995,15.359999611973763,14.336000196635723,17.377600073814392,13.279999606311321,1.7988964694548093
L1,topk_only,warm-cache,dsa_replay_c8192_layer17_code_heldout_3.pt,2,near_threshold,8192,8285,1,1,64,128,bfloat16,2048,64,200,2000,0,True,True,0,NVIDIA L40S,2.11.0+cu130,13.0,3.6.0,0x7f92a4e00000,0x7f928a000000,0.012267112731933594,0.99853515625,9.5367431640625e-07,1.0,0.1,0.2,0.4,0.012945413589477539,0.013799667358398438,45.793328596279025,46.08000069856644,45.05600035190582,46.08000069856644,45.05600035190582,3.7562473967544676
L1,topk_only,cache-flush,dsa_replay_c8192_layer17_code_heldout_3.pt,2,near_threshold,8192,8285,1,1,64,128,bfloat16,2048,64,200,2000,64,True,True,0,NVIDIA L40S,2.11.0+cu130,13.0,3.6.0,0x7f92a4e00000,0x7f928a000000,0.012267112731933594,0.99853515625,9.5367431640625e-07,1.0,0.1,0.2,0.4,0.012945413589477539,0.013799667358398438,45.75852859951556,46.08000069856644,45.05600035190582,46.08000069856644,45.05600035190582,0.4744953645572064
L2,full64_topk,warm-cache,dsa_replay_c8192_layer17_code_heldout_3.pt,2,near_threshold,8192,8285,1,1,64,128,bfloat16,2048,64,200,2000,0,True,True,0,NVIDIA L40S,2.11.0+cu130,13.0,3.6.0,0x7f92a4e00000,0x7f928a000000,0.012267112731933594,0.99853515625,9.5367431640625e-07,1.0,0.1,0.2,0.4,0.012945413589477539,0.013799667358398438,48.940832924097776,48.128001391887665,47.10400104522705,56.32000043988228,47.10400104522705,4.264119905339265
L2,full64_topk,cache-flush,dsa_replay_c8192_layer17_code_heldout_3.pt,2,near_threshold,8192,8285,1,1,64,128,bfloat16,2048,64,200,2000,64,True,True,0,NVIDIA L40S,2.11.0+cu130,13.0,3.6.0,0x7f92a4e00000,0x7f928a000000,0.012267112731933594,0.99853515625,9.5367431640625e-07,1.0,0.1,0.2,0.4,0.012945413589477539,0.013799667358398438,48.02896132692695,48.128001391887665,47.10400104522705,48.128001391887665,47.10400104522705,0.6935730300364177
L3,h8,warm-cache,dsa_replay_c8192_layer17_code_heldout_3.pt,2,near_threshold,8192,8285,1,1,64,128,bfloat16,2048,64,200,2000,0,True,True,0,NVIDIA L40S,2.11.0+cu130,13.0,3.6.0,0x7f92a4e00000,0x7f928a000000,0.012267112731933594,0.99853515625,9.5367431640625e-07,1.0,0.1,0.2,0.4,0.012945413589477539,0.013799667358398438,29.092672209255397,28.672000393271446,27.648000046610832,30.433600675314665,26.784000918269157,4.383772398285029
L3,h8,cache-flush,dsa_replay_c8192_layer17_code_heldout_3.pt,2,near_threshold,8192,8285,1,1,64,128,bfloat16,2048,64,200,2000,64,True,True,0,NVIDIA L40S,2.11.0+cu130,13.0,3.6.0,0x7f92a4e00000,0x7f928a000000,0.012267112731933594,0.99853515625,9.5367431640625e-07,1.0,0.1,0.2,0.4,0.012945413589477539,0.013799667358398438,17.478160127066076,17.40800030529499,16.3199994713068,18.68960065767169,15.359999611973763,1.7523167702876272
L4,progressive_h8,warm-cache,dsa_replay_c8192_layer17_code_heldout_3.pt,2,near_threshold,8192,8285,1,1,64,128,bfloat16,2048,64,200,2000,0,True,True,0,NVIDIA L40S,2.11.0+cu130,13.0,3.6.0,0x7f92a4e00000,0x7f928a000000,0.012267112731933594,0.99853515625,9.5367431640625e-07,1.0,0.1,0.2,0.4,0.012945413589477539,0.013799667358398438,68.0109602920711,66.56000018119812,65.5359998345375,71.5568009763956,63.519999384880066,24.560460746343264
L4,progressive_h8,cache-flush,dsa_replay_c8192_layer17_code_heldout_3.pt,2,near_threshold,8192,8285,1,1,64,128,bfloat16,2048,64,200,2000,64,True,True,0,NVIDIA L40S,2.11.0+cu130,13.0,3.6.0,0x7f92a4e00000,0x7f928a000000,0.012267112731933594,0.99853515625,9.5367431640625e-07,1.0,0.1,0.2,0.4,0.012945413589477539,0.013799667358398438,56.65323228947818,56.32000043988228,54.27199974656105,59.39200147986412,53.247999399900436,5.001136693841938
L5,fused_dense,warm-cache,dsa_replay_c8192_layer17_code_heldout_3.pt,2,near_threshold,8192,8285,1,1,64,128,bfloat16,2048,64,200,2000,0,True,True,0,NVIDIA L40S,2.11.0+cu130,13.0,3.6.0,0x7f92a4e00000,0x7f928a000000,0.012267112731933594,0.99853515625,9.5367431640625e-07,1.0,0.1,0.2,0.4,0.012945413589477539,0.013799667358398438,32.715247890911996,32.67199918627739,31.71199932694435,33.79200026392937,30.719999223947525,4.612996684222209
L5,fused_dense,cache-flush,dsa_replay_c8192_layer17_code_heldout_3.pt,2,near_threshold,8192,8285,1,1,64,128,bfloat16,2048,64,200,2000,64,True,True,0,NVIDIA L40S,2.11.0+cu130,13.0,3.6.0,0x7f92a4e00000,0x7f928a000000,0.012267112731933594,0.99853515625,9.5367431640625e-07,1.0,0.1,0.2,0.4,0.012945413589477539,0.013799667358398438,21.75958387646824,21.503999829292297,20.479999482631683,23.552000522613525,17.40800030529499,2.042745312673746
L6,fused_compact,warm-cache,dsa_replay_c8192_layer17_code_heldout_3.pt,2,near_threshold,8192,8285,1,1,64,128,bfloat16,2048,64,200,2000,0,True,True,0,NVIDIA L40S,2.11.0+cu130,13.0,3.6.0,0x7f92a4e00000,0x7f928a000000,0.012267112731933594,0.99853515625,9.5367431640625e-07,1.0,0.1,0.2,0.4,0.012945413589477539,0.013799667358398438,42.854815715923905,42.87999868392944,41.98399931192398,44.03200000524521,40.95999896526337,1.7062097980727735
L6,fused_compact,cache-flush,dsa_replay_c8192_layer17_code_heldout_3.pt,2,near_threshold,8192,8285,1,1,64,128,bfloat16,2048,64,200,2000,64,True,True,0,NVIDIA L40S,2.11.0+cu130,13.0,3.6.0,0x7f92a4e00000,0x7f928a000000,0.012267112731933594,0.99853515625,9.5367431640625e-07,1.0,0.1,0.2,0.4,0.012945413589477539,0.013799667358398438,30.41648002155125,29.888000339269638,28.672000393271446,31.841600313782692,27.648000046610832,1.7605599599090924
L7,fused_topk,warm-cache,dsa_replay_c8192_layer17_code_heldout_3.pt,2,near_threshold,8192,8285,1,1,64,128,bfloat16,2048,64,200,2000,0,True,True,0,NVIDIA L40S,2.11.0+cu130,13.0,3.6.0,0x7f92a4e00000,0x7f928a000000,0.012267112731933594,0.99853515625,9.5367431640625e-07,1.0,0.1,0.2,0.4,0.012945413589477539,0.013799667358398438,55.97504026629031,55.296000093221664,54.27199974656105,57.37760104238987,53.247999399900436,2.1275352548021877
L7,fused_topk,cache-flush,dsa_replay_c8192_layer17_code_heldout_3.pt,2,near_threshold,8192,8285,1,1,64,128,bfloat16,2048,64,200,2000,64,True,True,0,NVIDIA L40S,2.11.0+cu130,13.0,3.6.0,0x7f92a4e00000,0x7f928a000000,0.012267112731933594,0.99853515625,9.5367431640625e-07,1.0,0.1,0.2,0.4,0.012945413589477539,0.013799667358398438,48.82356958091259,49.15200173854828,48.128001391887665,49.15200173854828,48.09600114822388,0.9760682638962674
L8,t1,warm-cache,dsa_replay_c8192_layer17_code_heldout_3.pt,2,near_threshold,8192,8285,1,1,64,128,bfloat16,2048,64,200,2000,0,True,True,0,NVIDIA L40S,2.11.0+cu130,13.0,3.6.0,0x7f92a4e00000,0x7f928a000000,0.012267112731933594,0.99853515625,9.5367431640625e-07,1.0,0.1,0.2,0.4,0.012945413589477539,0.013799667358398438,50.817055355757475,50.20799860358238,49.15200173854828,52.22399905323982,48.128001391887665,4.22842802598515
L8,t1,cache-flush,dsa_replay_c8192_layer17_code_heldout_3.pt,2,near_threshold,8192,8285,1,1,64,128,bfloat16,2048,64,200,2000,64,True,True,0,NVIDIA L40S,2.11.0+cu130,13.0,3.6.0,0x7f92a4e00000,0x7f928a000000,0.012267112731933594,0.99853515625,9.5367431640625e-07,1.0,0.1,0.2,0.4,0.012945413589477539,0.013799667358398438,44.577391885221004,42.49600134789944,38.91199827194214,50.175998359918594,37.88800165057182,6.268176850651589
